poster_url;rt_audience_score;rt_score;genres;Genre_1;Genre_2;Genre_3;imdb_rating;length;rank_in_year;rating;release_date;studio;title;worldwide_gross;year
http://resizing.flixster.com/gxRJwetP1eNIrPR6xlWBfD_VaFc=/180x267/dkpu1ddg7pbsk.cloudfront.net/movie/11/17/72/11177246_ori.jpg;4.3;7.5;"Sci-Fi
Adventure
Action";Sci-Fi;Adventure;Action;7.8;136;7;PG-13;4-Apr-14;Marvel Studios;Captain America: The Winter Soldier;714766572;2014
http://resizing.flixster.com/gDtbA1iPxTYEjBZeSsIYktCtUiw=/180x270/dkpu1ddg7pbsk.cloudfront.net/movie/11/18/91/11189194_ori.jpg;4.2;7.9;"Sci-Fi
Drama
Action";Sci-Fi;Drama;Action;7.7;130;9;PG-13;11-Jul-14;20th Century Fox;Dawn of the Planet of the Apes;708835589;2014
http://resizing.flixster.com/YrF_OeTQx3bXNsMLIy_NocjA4wI=/180x267/dkpu1ddg7pbsk.cloudfront.net/movie/11/17/80/11178082_ori.jpg;4.4;7.7;"Sci-Fi
Adventure
Action";Sci-Fi;Adventure;Action;8.1;121;3;PG-13;1-Aug-14;Marvel Studios;Guardians of the Galaxy;774176600;2014
http://resizing.flixster.com/YukULOFULUesVZccNjOZzF1YX30=/180x270/dkpu1ddg7pbsk.cloudfront.net/movie/11/18/12/11181292_ori.jpg;3.8;5.7;"Family
Adventure
Action";Family;Adventure;Action;7.1;97;4;PG;30-May-14;Walt Disney Pictures;Maleficent;758654942;2014
http://resizing.flixster.com/uJRknhjV8s_CDr9Krj6hzk4GzYM=/180x270/dkpu1ddg7pbsk.cloudfront.net/movie/11/18/00/11180032_ori.jpg;3.7;5.9;"Fantasy
Adventure
Action";Fantasy;Adventure;Action;6.9;142;8;PG-13;2-May-14;Columbia Pictures;The Amazing Spider-Man 2;709582323;2014
http://resizing.flixster.com/jXWcxIKVUq4G-2vl7aClbKnOXr4=/180x270/dkpu1ddg7pbsk.cloudfront.net/movie/11/18/05/11180556_ori.jpg;3.3;3.9;"Sci-Fi
Adventure
Action";Sci-Fi;Adventure;Action;5.8;165;1;PG-13;27-Jun-14;Paramount Pictures;Transformers: Age of Extinction;1091404499;2014
http://resizing.flixster.com/Oi1KcdBv_gG5Xqk84faEkayyX9E=/180x270/dkpu1ddg7pbsk.cloudfront.net/movie/11/18/08/11180875_ori.jpg;4.3;7.6;"Sci-Fi
Adventure
Action";Sci-Fi;Adventure;Action;8.1;131;6;PG-13;23-May-14;20th Century Fox;X-Men: Days of Future Past;748121534;2014
http://resizing.flixster.com/UFoFQEayDyhzauy9wL-1wGTuKJA=/180x257/dkpu1ddg7pbsk.cloudfront.net/movie/11/17/21/11172174_ori.jpg;4.2;6.6;"Family
Comedy
Animation";Family;Comedy;Animation;7.5;98;3;PG;3-Jul-13;Universal / Illumination;Despicable Me 2;970761885;2013
http://resizing.flixster.com/FsHv4OrR7Fk9IQkc3Jg-Npmypzc=/180x270/dkpu1ddg7pbsk.cloudfront.net/movie/11/17/33/11173373_ori.jpg;4.2;6.2;"Thriller
Crime
Action";Thriller;Crime;Action;7.2;130;6;PG-13;24-May-13;Universal;Fast & Furious 6;788679850;2013
http://resizing.flixster.com/M3JgYWjuLaOPruIuhLfHA0GwmtY=/180x267/dkpu1ddg7pbsk.cloudfront.net/movie/11/17/35/11173584_ori.jpg;4.3;7.7;"Comedy
Animation
Adventure";Comedy;Animation;Adventure;7.7;102;1;PG;27-Nov-13;Walt Disney Pictures;Frozen;1274219009;2013
http://resizing.flixster.com/5CbtiBSzqVjH_ckRVfzJvs-Ocns=/180x270/dkpu1ddg7pbsk.cloudfront.net/movie/11/17/64/11176450_ori.jpg;4.0;9.0;"Thriller
Sci-Fi
Western";Thriller;Sci-Fi;Western;7.9;91;8;PG-13;4-Oct-13;Warner Bros.;Gravity;716392705;2013
http://resizing.flixster.com/M8S0ACxWUYK8FJV9hJwnDGK41ZA=/180x257/dkpu1ddg7pbsk.cloudfront.net/movie/11/17/05/11170594_ori.jpg;4.0;7.0;"Sci-Fi
Adventure
Action";Sci-Fi;Adventure;Action;7.3;130;2;PG-13;3-May-13;Marvel Studios;Iron Man 3;1215439994;2013
http://resizing.flixster.com/YdjyBNFfxu1P1f06WcVgadZg8Ow=/180x270/dkpu1ddg7pbsk.cloudfront.net/movie/11/17/42/11174287_ori.jpg;3.9;6.2;"Fantasy
Adventure
Action";Fantasy;Adventure;Action;7.2;143;9;PG-13;14-Jun-13;Warner Bros. / Legendary;Man of Steel;668045518;2013
http://resizing.flixster.com/68fO9SugBdM8ljYJJ32dYp0bs7Q=/180x257/dkpu1ddg7pbsk.cloudfront.net/movie/11/16/99/11169964_ori.jpg;4.0;6.8;"Comedy
Animation
Adventure";Comedy;Animation;Adventure;7.4;104;7;G;21-Jun-13;Walt Disney Pictures / Pixar;Monsters University;743559607;2013
http://resizing.flixster.com/sLeSlSjBR_h2MiaJIA63bgyOeHI=/180x257/dkpu1ddg7pbsk.cloudfront.net/movie/11/17/26/11172694_ori.jpg;3.9;6.2;"Fantasy
Adventure
Action";Fantasy;Adventure;Action;7.1;112;10;PG-13;8-Nov-13;Marvel Studios;Thor: The Dark World;644783140;2013
http://resizing.flixster.com/EhgnWr8tKMra_jgh43zALuCZ9Ig=/180x270/dkpu1ddg7pbsk.cloudfront.net/movie/11/17/67/11176781_ori.jpg;3.6;5.1;"Comedy
Animation
Adventure";Comedy;Animation;Adventure;6.7;88;5;PG;13-Jul-12;Fox / Blue Sky;Ice Age: Continental Drift;877244782;2012
http://resizing.flixster.com/GMpkHH7EAcYqczhR8C146yEFbMs=/180x270/dkpu1ddg7pbsk.cloudfront.net/movie/11/16/91/11169148_ori.jpg;3.8;6.8;"Comedy
Adventure
Animation";Comedy;Adventure;Animation;7.0;93;8;PG;8-Jun-12;Paramount / DreamWorks;Madagascar 3: Europe's Most Wanted;746921274;2012
http://resizing.flixster.com/aD0vhqdMHlg0_H5kGKx7lR_1LHU=/180x270/dkpu1ddg7pbsk.cloudfront.net/movie/11/16/80/11168038_ori.jpg;3.8;6.1;"Sci-Fi
Comedy
Action";Sci-Fi;Comedy;Action;6.9;106;10;PG-13;25-May-12;Columbia;Men in Black 3;624026776;2012
http://resizing.flixster.com/r-jHJnq7IkHekLIFY6DWq7SzqZ8=/180x270/dkpu1ddg7pbsk.cloudfront.net/movie/11/16/82/11168295_ori.jpg;4.1;8.2;"Thriller
Adventure
Action";Thriller;Adventure;Action;7.8;143;2;PG-13;9-Nov-12;MGM / Columbia;Skyfall;1108561013;2012
http://resizing.flixster.com/NPbllUZcrY9PEkGNHGxKBIgFdq8=/180x270/dkpu1ddg7pbsk.cloudfront.net/movie/11/16/74/11167406_ori.jpg;3.9;6.7;"Fantasy
Adventure
Action";Fantasy;Adventure;Action;7.1;136;7;PG-13;3-Jul-12;Columbia;The Amazing Spider-Man;757930663;2012
http://resizing.flixster.com/OmSu9IRUNKgrdmyE2uNhf0f0ToE=/180x266/dkpu1ddg7pbsk.cloudfront.net/movie/11/16/38/11163886_ori.jpg;4.4;8.0;"Sci-Fi
Adventure
Action";Sci-Fi;Adventure;Action;8.2;143;1;PG-13;4-May-12;Marvel Studios;The Avengers;1518594910;2012
http://resizing.flixster.com/9zWAe7c1MPnVtaic66WXWomIkmI=/179x257/dkpu1ddg7pbsk.cloudfront.net/movie/11/16/93/11169337_ori.jpg;3.8;5.2;"Fantasy
Drama
Adventure";Fantasy;Drama;Adventure;5.6;115;6;PG-13;16-Nov-12;Lionsgate / Summit;The Twilight Saga: Breaking Dawn - Part 2;829685377;2012
http://resizing.flixster.com/2EEq8Qjx4aMkNdwlLypKTtnT1X4=/180x267/dkpu1ddg7pbsk.cloudfront.net/movie/11/15/64/11156447_ori.jpg;3.3;5.5;"Comedy
Animation
Adventure";Comedy;Animation;Adventure;6.3;106;10;G;24-Jun-11;Walt Disney Pictures / Pixar;Cars 2;559852396;2011
http://resizing.flixster.com/PzlJtyZZ_remAtYbrQ2_9t64B6k=/180x270/dkpu1ddg7pbsk.cloudfront.net/movie/11/17/30/11173000_ori.jpg;4.0;6.4;"Thriller
Crime
Action";Thriller;Crime;Action;7.3;131;7;PG-13;29-Apr-11;Universal;Fast Five;626137675;2011
http://resizing.flixster.com/jfPLvubmRh830uyxPTHQ1-hgj9I=/180x270/dkpu1ddg7pbsk.cloudfront.net/movie/11/16/36/11163675_ori.jpg;4.3;8.3;"Mystery
Fantasy
Adventure";Mystery;Fantasy;Adventure;8.1;130;1;PG-13;15-Jul-11;Warner Bros.;Harry Potter and the Deathly Hallows - Part 2;1341511219;2011
http://resizing.flixster.com/dJ62KC8VCmLwVq0045kP0a0RvEE=/173x270/dkpu1ddg7pbsk.cloudfront.net/movie/11/15/66/11156693_ori.jpg;3.8;6.9;"Animation
Adventure
Action";Animation;Adventure;Action;7.3;91;6;PG;26-May-11;Paramount / DreamWorks;Kung Fu Panda 2;665692281;2011
http://resizing.flixster.com/mkSB3etRkGB2js2wVcXWHBFXcag=/180x270/dkpu1ddg7pbsk.cloudfront.net/movie/11/16/91/11169152_ori.jpg;3.9;7.7;"Thriller
Adventure
Action";Thriller;Adventure;Action;7.4;133;5;PG-13;21-Dec-11;Paramount;Mission: Impossible - Ghost Protocol;694713380;2011
http://resizing.flixster.com/ucRrnQabHP8_IXOYKx55D8YB_oU=/180x267/dkpu1ddg7pbsk.cloudfront.net/movie/11/15/67/11156760_ori.jpg;3.5;5.1;"Fantasy
Adventure
Action";Fantasy;Adventure;Action;6.7;136;3;PG-13;20-May-11;Walt Disney Pictures;Pirates of the Caribbean: On Stranger Tides;1045713802;2011
http://resizing.flixster.com/s5fZNIM3cQjt9AM6y_VC3jt1syc=/180x270/dkpu1ddg7pbsk.cloudfront.net/movie/11/16/36/11163657_ori.jpg;3.1;4.0;"Comedy
Animation
Adventure";Comedy;Animation;Adventure;5.5;103;9;PG;29-Jul-11;Columbia / Sony Pictures;The Smurfs;563749323;2011
http://resizing.flixster.com/l1HT4QSzRvdN4bcF0dsEpo3ywug=/179x257/dkpu1ddg7pbsk.cloudfront.net/movie/11/16/93/11169336_ori.jpg;4.5;0.0;"Fantasy
Drama
Adventure";Fantasy;Drama;Adventure;4.9;117;4;PG-13;18-Nov-11;Summit;The Twilight Saga: Breaking Dawn - Part 1;712171856;2011
http://resizing.flixster.com/SnAb2Xw6Wp8we8btiHQkf8xanHc=/180x270/dkpu1ddg7pbsk.cloudfront.net/movie/11/16/91/11169150_ori.jpg;3.5;4.9;"Sci-Fi
Adventure
Action";Sci-Fi;Adventure;Action;6.3;154;2;PG-13;29-Jun-11;Paramount;Transformers: Dark of the Moon;1123794079;2011
http://resizing.flixster.com/Keg-ch93mJuhBIB3t7zgFAf2N_c=/180x266/dkpu1ddg7pbsk.cloudfront.net/movie/10/93/73/10937308_ori.jpg;3.5;5.7;"Fantasy
Family
Adventure";Fantasy;Family;Adventure;6.5;108;2;PG;5-Mar-10;Walt Disney Pictures;Alice in Wonderland;1025467110;2010
http://resizing.flixster.com/VoG3m3OewOKv5t1EQbX-kwLFuAY=/180x270/dkpu1ddg7pbsk.cloudfront.net/movie/11/16/88/11168864_ori.jpg;4.0;6.8;"Family
Comedy
Animation";Family;Comedy;Animation;7.7;95;9;PG;9-Jul-10;Universal / Illumination;Despicable Me;543113985;2010
http://resizing.flixster.com/VRBPaLlcQQjBaaobjVvpTavdEso=/180x270/dkpu1ddg7pbsk.cloudfront.net/movie/11/16/36/11163674_ori.jpg;4.1;7.1;"Fantasy
Family
Adventure";Fantasy;Family;Adventure;7.7;146;3;PG-13;19-Nov-10;Warner Bros.;Harry Potter and the Deathly Hallows - Part 1;960283305;2010
http://resizing.flixster.com/kSxnnx5oPhqDlOnvpGUQXpVoAsA=/180x270/dkpu1ddg7pbsk.cloudfront.net/movie/11/17/66/11176619_ori.jpg;4.2;7.9;"Family
Animation
Adventure";Family;Animation;Adventure;8.2;98;10;PG;26-Mar-10;Paramount / DreamWorks;How to Train Your Dragon;494878759;2010
http://resizing.flixster.com/THwVJ6BnMSZz1ygWPdIEok_wVhA=/180x270/dkpu1ddg7pbsk.cloudfront.net/movie/11/16/67/11166725_ori.jpg;4.2;8.0;"Sci-Fi
Mystery
Action";Sci-Fi;Mystery;Action;8.8;148;4;PG-13;16-Jul-10;Warner Bros. / Legendary;Inception;825531030;2010
http://resizing.flixster.com/-39Qh0s24nsZP81IZAbL774F6HA=/180x267/dkpu1ddg7pbsk.cloudfront.net/movie/11/12/20/11122085_ori.jpg;3.7;6.5;"Sci-Fi
Adventure
Action";Sci-Fi;Adventure;Action;7.1;124;7;PG-13;7-May-10;Paramount / Marvel;Iron Man 2;623933331;2010
http://resizing.flixster.com/uEi0yf7uXt-KtUdkF-AGY9smjp0=/180x267/dkpu1ddg7pbsk.cloudfront.net/movie/11/12/76/11127605_ori.jpg;3.5;5.9;"Comedy
Animation
Adventure";Comedy;Animation;Adventure;6.4;93;5;PG;21-May-10;Paramount / DreamWorks;Shrek Forever After;752600867;2010
http://resizing.flixster.com/UuaLvR-fxpgmESPegJcY0F2XJ-c=/180x267/dkpu1ddg7pbsk.cloudfront.net/movie/11/15/80/11158038_ori.png;4.1;7.5;"Family
Comedy
Animation";Family;Comedy;Animation;7.8;100;8;PG;24-Nov-10;Disney;Tangled;591794936;2010
http://resizing.flixster.com/caDfqgfBgZUEr0xairY8kwWQHGw=/180x270/dkpu1ddg7pbsk.cloudfront.net/movie/11/17/43/11174382_ori.jpg;3.6;5.4;"Fantasy
Drama
Adventure";Fantasy;Drama;Adventure;4.9;124;6;PG-13;30-Jun-10;Summit Entertainment;The Twilight Saga: Eclipse;698491347;2010
http://resizing.flixster.com/Tv9f7mIJrCc--JvPXl60rMI3Pkw=/180x266/dkpu1ddg7pbsk.cloudfront.net/movie/11/13/43/11134356_ori.jpg;4.3;8.9;"Comedy
Animation
Adventure";Comedy;Animation;Adventure;8.4;103;1;G;18-Jun-10;Walt Disney Pictures / Pixar;Toy Story 3;1063171911;2010
http://resizing.flixster.com/z_2ln7vpS1fHYrvEZAcr9bYztSI=/180x266/dkpu1ddg7pbsk.cloudfront.net/movie/10/95/34/10953481_ori.jpg;3.2;5.0;"Sci-Fi
Adventure
Action";Sci-Fi;Adventure;Action;5.8;158;5;PG-13;13-Nov-09;Columbia;2012;769304749;2009
http://resizing.flixster.com/OPDpDBP1P_qiiOjKOW9042R4R3g=/180x270/dkpu1ddg7pbsk.cloudfront.net/movie/11/17/67/11176792_ori.jpg;4.1;7.4;"Fantasy
Adventure
Action";Fantasy;Adventure;Action;7.9;162;1;PG-13;18-Dec-09;Fox;Avatar;-2147483648;2009
http://resizing.flixster.com/5jRb-4cS1AXhTEYE-wQ3wpHlZHY=/180x270/dkpu1ddg7pbsk.cloudfront.net/movie/11/16/39/11163943_ori.jpg;3.8;7.2;"Fantasy
Family
Adventure";Fantasy;Family;Adventure;7.5;153;2;PG;15-Jul-09;Warner Bros.;Harry Potter and the Half-Blood Prince;934416487;2009
http://resizing.flixster.com/ee9qtz-r1W0A5tmu-Q1vSj1AxvA=/180x262/dkpu1ddg7pbsk.cloudfront.net/movie/10/93/89/10938903_ori.jpg;3.6;5.4;"Animation
Adventure
Action";Animation;Adventure;Action;7.0;94;3;PG;1-Jul-09;Fox / Blue Sky;Ice Age: Dawn of the Dinosaurs;886686817;2009
http://resizing.flixster.com/t90NXGvHd_JXdRtTgD2BA8WPQKM=/180x270/dkpu1ddg7pbsk.cloudfront.net/movie/11/16/67/11166728_ori.jpg;3.7;6.2;"Crime
Adventure
Action";Crime;Adventure;Action;7.6;128;8;PG-13;25-Dec-09;Warner Bros.;Sherlock Holmes;524028679;2009
http://resizing.flixster.com/1fiLyMqNvE2Ggu52KZf7-3We8ak=/180x270/dkpu1ddg7pbsk.cloudfront.net/movie/11/17/44/11174487_ori.jpg;3.6;4.7;"Fantasy
Drama
Adventure";Fantasy;Drama;Adventure;4.6;130;7;PG-13;20-Nov-09;Summit;The Twilight Saga: New Moon;709827462;2009
http://resizing.flixster.com/oNcE9YJ500YHi2_2wGnclRTcyd8=/180x270/dkpu1ddg7pbsk.cloudfront.net/movie/11/17/66/11176669_ori.jpg;3.5;3.9;"Sci-Fi
Adventure
Action";Sci-Fi;Adventure;Action;6.0;150;4;PG-13;24-Jun-09;Paramount / DreamWorks;Transformers: Revenge of the Fallen;836303693;2009
http://resizing.flixster.com/rqDzFEQ7SZfbZ_sFTjlbOufZRWw=/180x267/dkpu1ddg7pbsk.cloudfront.net/movie/10/89/43/10894361_ori.jpg;3.8;8.7;"Comedy
Animation
Adventure";Comedy;Animation;Adventure;8.3;96;6;PG;29-May-09;Disney / Pixar;Up;731342744;2009
http://resizing.flixster.com/cXKTN6mCA8-ig98jkg7RVBhnMv4=/180x266/dkpu1ddg7pbsk.cloudfront.net/movie/10/93/35/10933541_ori.jpg;4.2;7.6;"Sci-Fi
Adventure
Action";Sci-Fi;Adventure;Action;7.9;126;8;PG-13;2-May-08;Paramount / Marvel Studios;Iron Man;585174222;2008
http://resizing.flixster.com/Xx3Kv2GPxvCvWWGe_BjJCd6mq3w=/180x270/dkpu1ddg7pbsk.cloudfront.net/movie/11/17/78/11177843_ori.jpg;3.9;7.2;"Animation
Adventure
Action";Animation;Adventure;Action;7.6;92;3;PG;6-Jun-08;Paramount / DreamWorks;Kung Fu Panda;631744560;2008
http://resizing.flixster.com/8qu9PY5y1_Vy98M35ZAVSoLceOM=/180x266/dkpu1ddg7pbsk.cloudfront.net/movie/10/84/92/10849221_ori.jpg;3.6;5.9;"Animation
Adventure
Action";Animation;Adventure;Action;6.7;89;6;PG;7-Nov-08;Paramount / DreamWorks;Madagascar: Escape 2 Africa;603900354;2008
http://resizing.flixster.com/-1n0hNCTG4FcJyeGOFqK3yktLk0=/180x270/dkpu1ddg7pbsk.cloudfront.net/movie/11/17/19/11171949_ori.jpg;3.6;5.5;"Romance
Musical
Comedy";Romance;Musical;Comedy;6.4;108;5;PG-13;18-Jul-08;Universal;Mamma Mia!;609827661;2008
http://resizing.flixster.com/0p446SDsCxtLqOzHPuQNS1dxZQE=/180x268/dkpu1ddg7pbsk.cloudfront.net/movie/11/12/92/11129292_ori.jpg;3.7;6.3;"Family
Adventure
Action";Family;Adventure;Action;6.6;150;10;PG;16-May-08;Disney / Walden Media;The Chronicles of Narnia: Prince Caspian;419665568;2008
http://resizing.flixster.com/csINXh6bBY_YMax7pD2fFGtGDjQ=/180x270/dkpu1ddg7pbsk.cloudfront.net/movie/11/16/51/11165160_ori.jpg;4.4;8.6;"Drama
Crime
Action";Drama;Crime;Action;9.0;152;1;PG-13;18-Jul-08;Warner Bros. / Legendary;The Dark Knight;997000000;2008
http://resizing.flixster.com/zWzdOF4aj3aZlB3vX7BlUQ3PbSk=/180x267/dkpu1ddg7pbsk.cloudfront.net/movie/10/93/09/10930953_ori.jpg;4.2;8.5;"Family
Animation
Adventure";Family;Animation;Adventure;8.4;98;9;G;27-Jun-08;Disney / Pixar;WALL-E;521311860;2008
http://resizing.flixster.com/MqZzDrxTe4GO7kHb2bo-16W9Wo8=/180x270/dkpu1ddg7pbsk.cloudfront.net/movie/11/16/67/11166714_ori.jpg;4.1;6.1;"War
Fantasy
Action";War;Fantasy;Action;7.8;117;10;R;9-Mar-07;Warner Bros. / Legendary;300;456068181;2007
http://resizing.flixster.com/O5pmr1P4sAe4L0G6SUFYlLGiKec=/180x270/dkpu1ddg7pbsk.cloudfront.net/movie/11/16/88/11168876_ori.jpg;3.9;6.9;"Fantasy
Family
Adventure";Fantasy;Family;Adventure;7.4;138;2;PG-13;11-Jul-07;Warner Bros.;Harry Potter and the Order of the Phoenix;939885929;2007
http://resizing.flixster.com/-P1B68zFT7N17v-6cy5Bep7DU3A=/180x270/dkpu1ddg7pbsk.cloudfront.net/movie/11/16/67/11166780_ori.jpg;3.6;6.4;"Thriller
Sci-Fi
Drama";Thriller;Sci-Fi;Drama;7.2;101;7;PG-13;14-Dec-07;Warner Bros.;I Am Legend;585349010;2007
http://resizing.flixster.com/MDARF9TZB345ZZGLsmNCi0SoReI=/180x268/dkpu1ddg7pbsk.cloudfront.net/movie/10/10/43/10104317_ori.jpg;3.6;4.8;"Mystery
Adventure
Action";Mystery;Adventure;Action;6.5;124;9;PG;21-Dec-07;Disney;National Treasure: Book of Secrets;457364600;2007
http://resizing.flixster.com/M2Ku83KAglImISwK7qTuXAgQtWo=/180x252/dkpu1ddg7pbsk.cloudfront.net/movie/10/95/55/10955508_ori.jpg;3.8;5.5;"Fantasy
Adventure
Action";Fantasy;Adventure;Action;7.1;169;1;PG-13;25-May-07;Disney;Pirates of the Caribbean: At World's End;963420425;2007
http://resizing.flixster.com/8S8STXVMHBpUANLhLeLbVcdo0QY=/180x266/dkpu1ddg7pbsk.cloudfront.net/movie/41/60/98/4160984_ori.jpg;3.9;8.5;"Family
Comedy
Animation";Family;Comedy;Animation;8.0;111;6;G;29-Jun-07;Disney / Pixar;Ratatouille;623707397;2007
http://resizing.flixster.com/7T7Mf9iNihk3sOMASXbEg5Hnd2Q=/180x268/dkpu1ddg7pbsk.cloudfront.net/movie/59/86/40/5986403_ori.jpg;3.4;5.4;"Comedy
Animation
Adventure";Comedy;Animation;Adventure;6.1;93;4;PG;18-May-07;DreamWorks / Paramount;Shrek the Third;798958162;2007
http://resizing.flixster.com/Vj9BYtnUOcPSdQRrFT8aeJqpinI=/180x265/dkpu1ddg7pbsk.cloudfront.net/movie/10/84/37/10843725_ori.jpg;3.7;7.6;"Comedy
Animation
Adventure";Comedy;Animation;Adventure;7.4;87;8;PG-13;27-Jul-07;Fox;The Simpsons Movie;527071022;2007
http://resizing.flixster.com/JZvkeqWLNeqakvkeY4aTklBQV1o=/180x270/dkpu1ddg7pbsk.cloudfront.net/movie/11/16/97/11169794_ori.jpg;4.1;5.8;"Sci-Fi
Adventure
Action";Sci-Fi;Adventure;Action;7.2;144;5;PG-13;3-Jul-07;DreamWorks / Paramount;Transformers;709709780;2007
http://resizing.flixster.com/LVmmDUeCVlq9gYapYjWXBo7jbY4=/180x269/dkpu1ddg7pbsk.cloudfront.net/movie/10/92/20/10922005_ori.jpg;3.7;6.9;"Comedy
Animation
Adventure";Comedy;Animation;Adventure;7.2;117;6;G;9-Jun-06;Disney / Pixar;Cars;461983149;2006
http://resizing.flixster.com/nVwVWCdXtCU2QjoiYNi_3CNFGOw=/180x268/dkpu1ddg7pbsk.cloudfront.net/movie/11/12/81/11128111_ori.jpg;3.9;7.8;"Thriller
Adventure
Action";Thriller;Adventure;Action;8.0;144;4;PG-13;17-Nov-06;MGM / Columbia;Casino Royale;599045960;2006
http://resizing.flixster.com/bCM1HcCJyha7Woh-txAHhyjEDqo=/180x270/dkpu1ddg7pbsk.cloudfront.net/movie/11/16/67/11166724_ori.jpg;3.6;6.9;"Family
Comedy
Animation";Family;Comedy;Animation;6.5;108;10;PG;17-Nov-06;Warner Bros.;Happy Feet;384335608;2006
http://resizing.flixster.com/8JL-X7PSHtVrLJV3m9vmwFY1Wq4=/180x270/dkpu1ddg7pbsk.cloudfront.net/movie/34/60/10/3460109_ori.jpg;3.6;6.1;"Animation
Adventure
Action";Animation;Adventure;Action;6.9;91;3;PG;31-Mar-06;Fox / Blue Sky;Ice Age: The Meltdown;660940780;2006
http://resizing.flixster.com/2KYbFrx6KYIzP0Bp_-g7zYjBADk=/180x270/dkpu1ddg7pbsk.cloudfront.net/movie/11/16/97/11169790_ori.jpg;3.3;6.6;"Thriller
Adventure
Action";Thriller;Adventure;Action;6.8;126;8;PG-13;5-May-06;Paramount;Mission: Impossible III;397850012;2006
http://resizing.flixster.com/YUQIBUn5Xp1WT1dWCZiAofYtYuY=/180x270/dkpu1ddg7pbsk.cloudfront.net/movie/11/18/11/11181144_ori.jpg;3.5;5.3;"Comedy
Adventure
Action";Comedy;Adventure;Action;6.4;108;5;PG;22-Dec-06;Fox;Night at the Museum;574480052;2006
http://resizing.flixster.com/qk6YXbPRzxZNFCv29_ayCEa6mBY=/180x267/dkpu1ddg7pbsk.cloudfront.net/movie/78/63/786362_ori.jpg;3.9;6.0;"Fantasy
Adventure
Action";Fantasy;Adventure;Action;7.3;151;1;PG-13;7-Jul-06;Disney;Pirates of the Caribbean: Dead Man's Chest;1066179725;2006
http://resizing.flixster.com/jxYV0tzA4f2_BD9lSeOHw56i-64=/180x267/dkpu1ddg7pbsk.cloudfront.net/movie/45/20/452092_ori.jpg;3.3;7.0;"Fantasy
Adventure
Action";Fantasy;Adventure;Action;6.1;154;9;PG-13;28-Jun-06;Warner Bros. / Village Roadshow;Superman Returns;391081192;2006
http://resizing.flixster.com/g-qQMJ4MG4TGyU2mvktQXhvNp3k=/180x270/dkpu1ddg7pbsk.cloudfront.net/movie/11/17/74/11177483_ori.jpg;3.6;5.9;"Sci-Fi
Adventure
Action";Sci-Fi;Adventure;Action;6.8;104;7;PG-13;26-May-06;Fox;X-Men: The Last Stand;459359555;2006
http://resizing.flixster.com/1_QYLOL1hIXTD3z7ujcYi8zcqzs=/180x270/dkpu1ddg7pbsk.cloudfront.net/movie/11/17/64/11176489_ori.jpg;3.0;7.2;"Comedy
Adventure
Family";Comedy;Adventure;Family;6.7;115;8;PG;15-Jul-05;Warner Bros;Charlie and the Chocolate Factory;474968763;2005
http://resizing.flixster.com/Z-LFUFCKP2jWIiji0Lr_HI2FJmI=/180x270/dkpu1ddg7pbsk.cloudfront.net/movie/11/16/88/11168873_ori.jpg;3.4;7.5;"Fantasy
Family
Adventure";Fantasy;Family;Adventure;7.6;157;1;PG-13;18-Nov-05;Warner Bros.;Harry Potter and the Goblet of Fire;895921036;2005
http://resizing.flixster.com/QoPcsIL-O00p3YYGQbbo4zfkLLQ=/180x270/dkpu1ddg7pbsk.cloudfront.net/movie/11/16/88/11168882_ori.jpg;2.8;7.7;"Drama
Adventure
Action";Drama;Adventure;Action;7.3;187;5;PG-13;14-Dec-05;Universal;King Kong;550517357;2005
http://resizing.flixster.com/oKyYx8tO-5UYR3hmsx0kbzZ4Nl8=/180x267/dkpu1ddg7pbsk.cloudfront.net/movie/24/97/249793_ori.jpg;3.4;6.1;"Comedy
Animation
Adventure";Comedy;Animation;Adventure;6.9;86;6;PG;27-May-05;DreamWorks;Madagascar;532680671;2005
http://resizing.flixster.com/65JisMaXM3YsP04ToywirE5Cc1s=/180x270/dkpu1ddg7pbsk.cloudfront.net/movie/11/18/91/11189190_ori.jpg;3.4;6.0;"Crime
Comedy
Action";Crime;Comedy;Action;6.5;120;7;PG-13;10-Jun-05;20th Century Fox;Mr. & Mrs. Smith;478207520;2005
http://resizing.flixster.com/wjhvha9b71ws51OXc6e1MYuAC48=/110x150/dkpu1ddg7pbsk.cloudfront.net/movie/10/94/47/10944718_ori.jpg;3.1;7.2;"Fantasy
Adventure
Action";Fantasy;Adventure;Action;7.7;140;2;PG-13;19-May-05;20th Century Fox / Lucasfilm;Star Wars Episode III: Revenge of the Sith;848754768;2005
http://resizing.flixster.com/aeZ5-j-beDNOTPPM0_gbTX0KAbw=/180x266/dkpu1ddg7pbsk.cloudfront.net/movie/10/91/87/10918786_ori.jpg;3.1;6.9;"Fantasy
Family
Adventure";Fantasy;Family;Adventure;6.9;143;3;PG;9-Dec-05;Disney;The Chronicles of Narnia: The Lion, the Witch and the Wardrobe;745011272;2005
http://resizing.flixster.com/fWrTEymRYs82GDjb49Zh7K8d6q8=/180x270/dkpu1ddg7pbsk.cloudfront.net/movie/11/18/94/11189471_ori.jpg;2.9;7.0;"Thriller
Sci-Fi
Adventure";Thriller;Sci-Fi;Adventure;6.5;116;4;PG-13;29-Jun-05;Paramount / DreamWorks;War of the Worlds;591745540;2005
http://resizing.flixster.com/gUZOBF-TrffCG3MellSKNTfZLfc=/180x270/dkpu1ddg7pbsk.cloudfront.net/movie/11/16/88/11168872_ori.jpg;3.8;7.9;"Fantasy
Family
Adventure";Fantasy;Family;Adventure;7.8;142;2;PG;4-Jun-04;Warner Bros.;Harry Potter and the Prisoner of Azkaban;795634069;2004
http://resizing.flixster.com/LBMRJueU_GtIVb_ZmkS5YcQPd4o=/180x266/dkpu1ddg7pbsk.cloudfront.net/movie/55/34/93/5534930_ori.jpg;3.2;5.2;"Comedy
Adventure
Animation";Comedy;Adventure;Animation;6.0;90;9;PG;1-Oct-04;DreamWorks;Shark Tale;367275019;2004
http://resizing.flixster.com/Vt--2C7r7DDEyOVV_SDpXxkml38=/180x251/dkpu1ddg7pbsk.cloudfront.net/movie/25/37/253795_ori.jpg;3.5;7.7;"Comedy
Animation
Adventure";Comedy;Animation;Adventure;7.2;93;1;PG;19-May-04;DreamWorks;Shrek 2;919838758;2004
http://resizing.flixster.com/cZDf0sYKmn_QfbQ1kVGJOCou9fw=/180x251/dkpu1ddg7pbsk.cloudfront.net/movie/25/43/254313_ori.jpg;3.2;5.3;"Sci-Fi
Adventure
Action";Sci-Fi;Adventure;Action;6.4;124;6;PG-13;28-May-04;Fox;The Day After Tomorrow;544272402;2004
http://resizing.flixster.com/h0n53xP_v-81NZP1OdE2kMkR0ck=/180x266/dkpu1ddg7pbsk.cloudfront.net/movie/10/93/90/10939047_ori.jpg;3.4;8.3;"Animation
Adventure
Action";Animation;Adventure;Action;8.0;115;4;PG;5-Nov-04;Disney / Pixar;The Incredibles;631442092;2004
http://resizing.flixster.com/uEAAP_eXXw44sXo97rQpKX8_Mxs=/180x262/dkpu1ddg7pbsk.cloudfront.net/movie/11/14/67/11146748_ori.jpg;3.6;4.1;"Crime
Comedy
Action";Crime;Comedy;Action;6.5;147;10;R;18-Jul-03;Columbia;Bad Boys II;273339556;2003
http://resizing.flixster.com/Y12rTWfm-gLX5oOVC5-O0SbXOA4=/180x270/dkpu1ddg7pbsk.cloudfront.net/movie/11/17/65/11176524_ori.jpg;3.3;5.6;"Fantasy
Drama
Comedy";Fantasy;Drama;Comedy;6.7;101;5;PG-13;23-May-03;Universal;Bruce Almighty;484592874;2003
http://resizing.flixster.com/L5mJPRUyA5797vXg9oelqZ7jGMA=/180x261/dkpu1ddg7pbsk.cloudfront.net/movie/10/84/19/10841916_ori.jpg;3.8;8.6;"Comedy
Animation
Adventure";Comedy;Animation;Adventure;8.2;100;2;G;30-May-03;Disney / Pixar;Finding Nemo;867893978;2003
http://resizing.flixster.com/BIJnnVuqUV-FDHiYjNPg0n7Gd0E=/180x270/dkpu1ddg7pbsk.cloudfront.net/movie/11/16/68/11166861_ori.jpg;3.7;6.4;"History
Drama
Action";History;Drama;Action;7.7;154;6;R;5-Dec-03;Warner Bros.;The Last Samurai;456758981;2003
http://resizing.flixster.com/fhym2r2SVtuOpznC0wdmP5QPUfo=/180x270/dkpu1ddg7pbsk.cloudfront.net/movie/11/16/64/11166423_ori.jpg;3.7;8.7;"Fantasy
Adventure
Western";Fantasy;Adventure;Western;8.9;201;1;PG-13;17-Dec-03;New Line;The Lord of the Rings: The Return of the King;1119929521;2003
http://resizing.flixster.com/pEUBXjAa_XLWWxFhQUXtbFF8Z6c=/180x270/dkpu1ddg7pbsk.cloudfront.net/movie/11/17/74/11177479_ori.jpg;3.7;7.4;"Sci-Fi
Adventure
Action";Sci-Fi;Adventure;Action;7.5;134;9;PG-13;2-May-03;Fox;X2;407711549;2003
http://resizing.flixster.com/r8WQfeCkLuFl2EtUnpdPsTGdYck=/180x269/dkpu1ddg7pbsk.cloudfront.net/movie/10/93/34/10933478_ori.jpg;3.1;6.1;"Crime
Adventure
Action";Crime;Adventure;Action;6.1;133;6;PG-13;22-Nov-02;MGM;Die Another Day;431971116;2002
http://resizing.flixster.com/2HoVSGA2nXBuTgBZQ4czXiAUMqQ=/180x270/dkpu1ddg7pbsk.cloudfront.net/movie/11/16/87/11168797_ori.jpg;3.7;7.2;"Fantasy
Family
Adventure";Fantasy;Family;Adventure;7.3;161;2;PG;15-Nov-02;Warner Bros.;Harry Potter and the Chamber of Secrets;878643482;2002
http://resizing.flixster.com/G2PNS_GykbZtx_u_kQgBFuVkqFE=/180x265/dkpu1ddg7pbsk.cloudfront.net/movie/10/93/89/10938906_ori.jpg;3.6;6.8;"Comedy
Animation
Adventure";Comedy;Animation;Adventure;7.6;81;8;PG;15-Mar-02;20th Century Fox / Blue Sky;Ice Age;383257136;2002
http://resizing.flixster.com/cw5WyryG2pkW2RHN5BVlcMOze3g=/180x270/dkpu1ddg7pbsk.cloudfront.net/movie/11/16/45/11164554_ori.jpg;3.1;5.2;"Fantasy
Comedy
Action";Fantasy;Comedy;Action;6.0;88;5;PG-13;3-Jul-02;Columbia;Men in Black II;441818803;2002
http://resizing.flixster.com/_wXSfzgg6NXtV4-wqqZPxd-iP6Y=/180x270/dkpu1ddg7pbsk.cloudfront.net/movie/11/17/03/11170343_ori.jpg;3.4;8.1;"Sci-Fi
Mystery
Action";Sci-Fi;Mystery;Action;7.7;145;10;PG-13;21-Jun-02;DreamWorks / 20th Century Fox;Minority Report;358372926;2002
http://resizing.flixster.com/cyLfP1xi9FRaJZSBoQ-XLFojhiM=/180x268/dkpu1ddg7pbsk.cloudfront.net/movie/10/89/48/10894808_ori.jpg;3.2;6.8;"Thriller
Sci-Fi
Drama";Thriller;Sci-Fi;Drama;6.7;106;7;PG-13;2-Aug-02;Touchstone;Signs;408247917;2002
http://resizing.flixster.com/A47EQAAO1SHIIvN5HrkKfhAGpQk=/180x239/dkpu1ddg7pbsk.cloudfront.net/movie/10/94/47/10944721_ori.jpg;3.3;6.6;"Fantasy
Adventure
Action";Fantasy;Adventure;Action;6.7;142;4;PG;16-May-02;20th Century Fox / Lucasfilm;Star Wars Episode II: Attack of the Clones;649398328;2002
http://resizing.flixster.com/7-lmH9v6jwoPfuJVAIW_YksScrE=/180x263/dkpu1ddg7pbsk.cloudfront.net/movie/10/93/72/10937237_ori.jpg;3.4;5.1;"Thriller
Drama
Crime";Thriller;Drama;Crime;6.7;131;10;R;9-Feb-01;MGM / Universal;Hannibal;351692268;2001
http://resizing.flixster.com/707enQVAvKKChUtNa2LlkpjbRts=/180x270/dkpu1ddg7pbsk.cloudfront.net/movie/11/17/36/11173610_ori.jpg;3.7;7.1;"Fantasy
Family
Adventure";Fantasy;Family;Adventure;7.5;152;1;PG;16-Nov-01;Warner Bros.;Harry Potter and the Sorcerer's Stone;974733550;2001
http://resizing.flixster.com/05xnBp8MTXrAFuI8u5mLin1TGQ8=/180x270/dkpu1ddg7pbsk.cloudfront.net/movie/11/16/88/11168887_ori.jpg;3.0;5.2;"Sci-Fi
Adventure
Action";Sci-Fi;Adventure;Action;5.9;92;8;PG-13;18-Jul-01;Universal;Jurassic Park III;368780809;2001
http://resizing.flixster.com/_5J1AMkrOq_CE-En_0dvf2zqD4c=/180x267/dkpu1ddg7pbsk.cloudfront.net/movie/11/16/65/11166524_ori.jpg;3.8;8.0;"Comedy
Animation
Adventure";Comedy;Animation;Adventure;8.1;92;3;G;2-Nov-01;Disney / Pixar;Monsters, Inc.;525366597;2001
http://resizing.flixster.com/SwQ-D3N0_F_IipgA6PV8P4kbETU=/180x259/dkpu1ddg7pbsk.cloudfront.net/movie/31/29/312925_ori.jpg;3.3;4.6;"Romance
Drama
Action";Romance;Drama;Action;6.0;183;6;PG-13;25-May-01;Touchstone;Pearl Harbor;449220945;2001
http://resizing.flixster.com/9081NkYAHXHF4iI9h6sFD6CAQfs=/179x257/dkpu1ddg7pbsk.cloudfront.net/movie/11/16/44/11164477_ori.jpg;2.7;5.5;"Sci-Fi
Adventure
Action";Sci-Fi;Adventure;Action;5.7;119;9;PG-13;27-Jul-01;20th Century Fox;Planet of the Apes;362211740;2001
http://resizing.flixster.com/nr4OyhYALCM7lB_d_923lFEIpfk=/173x270/dkpu1ddg7pbsk.cloudfront.net/movie/25/44/254400_ori.jpg;3.9;7.7;"Comedy
Animation
Adventure";Comedy;Animation;Adventure;7.9;90;4;PG;18-May-01;DreamWorks;Shrek;484409218;2001
http://resizing.flixster.com/UGjywlM8fWTqdKTzTT2FCwN7cm0=/180x270/dkpu1ddg7pbsk.cloudfront.net/movie/11/17/36/11173659_ori.jpg;3.3;5.2;"Fantasy
Adventure
Action";Fantasy;Adventure;Action;6.3;130;7;PG-13;4-May-01;Universal;The Mummy Returns;433013274;2001
http://resizing.flixster.com/-jcVO9luD6fH9bi4DcbgNY8JQIk=/180x255/dkpu1ddg7pbsk.cloudfront.net/movie/10/92/08/10920812_ori.jpg;3.0;6.2;"Family
Animation
Adventure";Family;Animation;Adventure;6.4;82;5;PG;19-May-00;Disney;Dinosaur;349822765;2000
http://resizing.flixster.com/50a8DXOYOfwUPlzoWtpjoN6qHBQ=/180x256/dkpu1ddg7pbsk.cloudfront.net/movie/25/55/255591_ori.jpg;3.2;5.6;"Fantasy
Family
Comedy";Fantasy;Family;Comedy;6.0;104;6;PG;17-Nov-00;Universal;How the Grinch Stole Christmas;345141403;2000
http://resizing.flixster.com/QvZkjCM-tSJ8ZxFeAFBXlhPhp1Y=/180x258/dkpu1ddg7pbsk.cloudfront.net/movie/25/77/257715_ori.jpg;3.0;6.0;"Thriller
Adventure
Action";Thriller;Adventure;Action;6.0;123;1;PG-13;24-May-00;Paramount;Mission: Impossible II;546388105;2000
http://resizing.flixster.com/N_QI7xIK9FcdKmJQcTzpgU0we4E=/180x270/dkpu1ddg7pbsk.cloudfront.net/movie/11/16/79/11167915_ori.jpg;3.2;5.5;"Drama
Adventure
Action";Drama;Adventure;Action;6.4;130;8;PG-13;30-Jun-00;Warner Bros.;The Perfect Storm;328718434;2000
http://resizing.flixster.com/EH96EztpCYNTTOKKuWJ4o3OVe6U=/180x264/dkpu1ddg7pbsk.cloudfront.net/movie/34/35/84/3435848_ori.jpg;3.1;5.5;"Mystery
Horror
Drama";Mystery;Horror;Drama;6.6;130;10;PG-13;21-Jul-00;DreamWorks / Fox;What Lies Beneath;291420351;2000
http://resizing.flixster.com/-K3-lemv2IjCIxyfWNB4b5oscBQ=/180x254/dkpu1ddg7pbsk.cloudfront.net/movie/62/99/74/6299748_ori.jpg;3.1;5.7;"Romance
Fantasy
Comedy";Romance;Fantasy;Comedy;6.4;127;4;PG-13;15-Dec-00;Paramount;What Women Want;374111707;2000
http://resizing.flixster.com/vMvg0TJUjn0dH8QxT6FD7RXXOWw=/180x270/dkpu1ddg7pbsk.cloudfront.net/movie/11/17/75/11177551_ori.jpg;3.7;7.0;"Sci-Fi
Adventure
Action";Sci-Fi;Adventure;Action;7.4;104;9;PG-13;14-Jul-00;Fox;X-Men;296339527;2000
http://resizing.flixster.com/V4Imv8fYpxYEG61UQbltX41dHWU=/180x270/dkpu1ddg7pbsk.cloudfront.net/movie/11/17/00/11170075_ori.jpg;3.3;6.0;"Comedy
Adventure
Action";Comedy;Adventure;Action;6.6;95;10;PG-13;11-Jun-99;New Line Cinema;Austin Powers: The Spy Who Shagged Me;312016858;1999
http://resizing.flixster.com/MQ1yf_XKOjCb3xxcePb_IykeNT0=/180x270/dkpu1ddg7pbsk.cloudfront.net/movie/11/17/37/11173724_ori.jpg;3.3;7.1;"Romance
Drama
Comedy";Romance;Drama;Comedy;7.0;124;7;PG-13;28-May-99;Universal Pictures;Notting Hill;363889678;1999
http://resizing.flixster.com/teLjRk35zoOC0SMhuuN6PfPoP7A=/168x270/dkpu1ddg7pbsk.cloudfront.net/movie/11/16/30/11163090_ori.jpg;3.3;5.8;"Fantasy
Adventure
Action";Fantasy;Adventure;Action;6.6;136;1;PG;19-May-99;20th Century Fox / Lucasfilm;Star Wars Episode I: The Phantom Menace;924317558;1999
http://resizing.flixster.com/DeinPHimwtK2lheePZggxU_9H4c=/180x255/dkpu1ddg7pbsk.cloudfront.net/movie/25/12/251223_ori.jpg;3.2;7.6;"Drama
Animation
Adventure";Drama;Animation;Adventure;7.2;88;5;G;18-Jun-99;Walt Disney Pictures;Tarzan;448191819;1999
http://resizing.flixster.com/cRaM9lgsQjBfBrzl3cSzZ-gPuE4=/180x270/dkpu1ddg7pbsk.cloudfront.net/movie/11/16/88/11168892_ori.jpg;3.4;5.7;"Fantasy
Adventure
Action";Fantasy;Adventure;Action;7.0;125;6;PG-13;7-May-99;Universal Pictures;The Mummy;415933406;1999
http://resizing.flixster.com/7Cy6R8bBtBVnay-lLMPoHrwQ-ik=/180x266/dkpu1ddg7pbsk.cloudfront.net/movie/25/38/253818_ori.jpg;3.8;7.6;"Thriller
Mystery
Drama";Thriller;Mystery;Drama;8.2;107;2;PG-13;6-Aug-99;Hollywood Pictures;The Sixth Sense;672806292;1999
http://resizing.flixster.com/EEJTXKCfG2lPxAXxu-YuJW2MN9Y=/180x269/dkpu1ddg7pbsk.cloudfront.net/movie/10/93/21/10932170_ori.jpg;3.0;5.7;"Crime
Adventure
Action";Crime;Adventure;Action;6.4;128;8;PG-13;19-Nov-99;Metro-Goldwyn-Mayer;The World Is Not Enough;361832400;1999
http://resizing.flixster.com/apFWspLgFG0LJBKt2Y_-vRJUwoM=/180x257/dkpu1ddg7pbsk.cloudfront.net/movie/10/93/63/10936392_ori.jpg;3.5;8.6;"Comedy
Animation
Adventure";Comedy;Animation;Adventure;7.9;92;3;G;24-Nov-99;Walt Disney Pictures / Pixar;Toy Story 2;485015179;1999
http://resizing.flixster.com/gOA73MRHwCl1cVsjRYTQyi4LisM=/180x256/dkpu1ddg7pbsk.cloudfront.net/movie/10/93/89/10938947_ori.jpg;3.3;7.9;"Comedy
Animation
Adventure";Comedy;Animation;Adventure;7.2;95;5;G;25-Nov-98;Walt Disney Pictures / Pixar;A Bug's Life;363398565;1998
http://resizing.flixster.com/QUirFk3ccr_LFPnojKhCtmOHkFA=/180x253/dkpu1ddg7pbsk.cloudfront.net/movie/55/05/68/5505685_ori.jpg;3.5;5.2;"Sci-Fi
Adventure
Action";Sci-Fi;Adventure;Action;6.6;151;1;PG-13;1-Jul-98;Touchstone Pictures;Armageddon;553709788;1998
http://resizing.flixster.com/FOPaOdOF9ov5xps6xQMqZCnl7is=/180x270/dkpu1ddg7pbsk.cloudfront.net/movie/11/16/97/11169780_ori.jpg;2.9;5.8;"Sci-Fi
Drama
Action";Sci-Fi;Drama;Action;6.1;120;6;PG-13;8-May-98;DreamWorks Pictures / Paramount Pictures;Deep Impact;349464664;1998
http://resizing.flixster.com/HRV9G6-kcJ-Fsycsth8JR0GqP68=/180x270/dkpu1ddg7pbsk.cloudfront.net/movie/11/17/80/11178097_ori.jpg;2.8;5.3;"Fantasy
Family
Comedy";Fantasy;Family;Comedy;5.3;85;8;PG-13;26-Jun-98;20th Century Fox;Dr. Dolittle;294456605;1998
http://resizing.flixster.com/2BsexQCiFCXVsKwiYbiqRysv-dk=/180x249/dkpu1ddg7pbsk.cloudfront.net/movie/25/99/259919_ori.jpg;2.5;4.0;"Thriller
Sci-Fi
Action";Thriller;Sci-Fi;Action;5.3;139;3;PG-13;20-May-98;TriStar Pictures;Godzilla;379014294;1998
http://resizing.flixster.com/TfYg5GP3d0N5VFCIdczSqrcxQWY=/180x270/dkpu1ddg7pbsk.cloudfront.net/movie/11/17/00/11170039_ori.jpg;3.3;5.8;"Thriller
Crime
Action";Thriller;Crime;Action;6.6;127;10;R;10-Jul-98;Warner Bros.;Lethal Weapon 4;285444603;1998
http://resizing.flixster.com/_UoZLlmHv08EAQNXKLvIUM0gWck=/180x255/dkpu1ddg7pbsk.cloudfront.net/movie/11/14/84/11148476_ori.jpg;3.4;7.5;"Family
Animation
Adventure";Family;Animation;Adventure;7.5;88;7;G;19-Jun-98;Walt Disney Pictures;Mulan;304320254;1998
http://resizing.flixster.com/BLCyiFNFpYFbQJa6D_oT9LFCzWw=/180x270/dkpu1ddg7pbsk.cloudfront.net/movie/11/16/97/11169791_ori.jpg;4.0;8.6;"War
Drama
Action";War;Drama;Action;8.6;169;2;R;24-Jul-98;DreamWorks Pictures / Paramount Pictures;Saving Private Ryan;481840909;1998
http://resizing.flixster.com/GcwTacz8zq3d34rR2QISbe4U0hQ=/180x270/dkpu1ddg7pbsk.cloudfront.net/movie/11/17/61/11176194_ori.jpg;3.4;8.3;"Romance
Drama
Comedy";Romance;Drama;Comedy;7.2;123;9;R;8-Jan-99;Miramax Films / Universal Pictures;Shakespeare in Love;289317794;1998
http://resizing.flixster.com/mTOEf-_CLwT12bPAsM0Y3DiR54U=/180x270/dkpu1ddg7pbsk.cloudfront.net/movie/11/16/93/11169367_ori.jpg;3.2;7.0;"Drama
Adventure
Action";Drama;Adventure;Action;6.4;124;5;R;25-Jul-97;Columbia Pictures;Air Force One;315156409;1997
http://resizing.flixster.com/4QEk9-zMgCwRs1Ycg2SUn023B4E=/180x262/dkpu1ddg7pbsk.cloudfront.net/movie/55/35/60/5535608_ori.jpg;3.5;7.2;"Romance
Drama
Comedy";Romance;Drama;Comedy;7.8;139;6;PG-13;25-Dec-97;TriStar Pictures;As Good as It Gets;314178011;1997
http://resizing.flixster.com/zsw3FoPOaNxEVbYuX2tdKFcIpqI=/180x270/dkpu1ddg7pbsk.cloudfront.net/movie/11/16/94/11169462_ori.jpg;3.7;6.3;"Sci-Fi
Adventure
Action";Sci-Fi;Adventure;Action;7.6;126;9;PG-13;9-May-97;Columbia Pictures;The Fifth Element;263920180;1997
http://resizing.flixster.com/w_DBGtkJdEgKy7cp4vImJQKlSEI=/179x257/dkpu1ddg7pbsk.cloudfront.net/movie/11/16/47/11164761_ori.jpg;3.3;7.6;"Music
Drama
Comedy";Music;Drama;Comedy;7.2;91;10;R;19-Sep-97;Fox Searchlight Pictures;The Full Monty;257850122;1997
http://resizing.flixster.com/gHDeeV4CkhEu7y5M63csUh5ZXs0=/180x270/dkpu1ddg7pbsk.cloudfront.net/movie/11/16/88/11168888_ori.jpg;3.2;5.6;"Sci-Fi
Adventure
Action";Sci-Fi;Adventure;Action;6.5;129;2;PG-13;23-May-97;Universal Pictures;The Lost World: Jurassic Park;618638999;1997
http://resizing.flixster.com/XwjEAjztVxVgC_1cxC-0LFvi25s=/180x256/dkpu1ddg7pbsk.cloudfront.net/movie/10/91/35/10913520_ori.jpg;3.1;6.0;"Thriller
Adventure
Action";Thriller;Adventure;Action;6.5;119;4;PG-13;19-Dec-97;United Artists;Tomorrow Never Dies;333011068;1997
http://resizing.flixster.com/FE7P1JgZ3QaVmRG2CBu9NGLyaXE=/180x253/dkpu1ddg7pbsk.cloudfront.net/movie/25/28/252816_ori.jpg;2.9;5.3;"Family
Comedy
Adventure";Family;Comedy;Adventure;5.6;103;6;G;27-Nov-96;Walt Disney Pictures;101 Dalmatians;320689294;1996
http://resizing.flixster.com/kAc1eecSvRe7HBvMQtdQ3Aqx5YQ=/180x245/dkpu1ddg7pbsk.cloudfront.net/movie/27/12/271217_ori.jpg;2.8;4.9;"Mystery
Drama
Action";Mystery;Drama;Action;6.0;115;10;R;21-Jun-96;Warner Bros.;Eraser;242295562;1996
http://resizing.flixster.com/2CYkXpNsZUE9C27PsXgX5UZBcKI=/180x270/dkpu1ddg7pbsk.cloudfront.net/movie/11/17/67/11176784_ori.jpg;3.5;6.3;"Sci-Fi
Adventure
Action";Sci-Fi;Adventure;Action;6.9;145;1;PG-13;3-Jul-96;20th Century Fox;Independence Day;817400891;1996
http://resizing.flixster.com/jd2BYtf2ewOTB-VFRdjAZ3wUqCc=/180x261/dkpu1ddg7pbsk.cloudfront.net/movie/26/81/268123_ori.jpg;3.3;7.4;"Romance
Drama
Comedy";Romance;Drama;Comedy;7.3;139;9;R;13-Dec-96;TriStar Pictures;Jerry Maguire;273552592;1996
http://resizing.flixster.com/8tTdDDMRCVFg_c0XRiSVkO-_6dA=/180x270/dkpu1ddg7pbsk.cloudfront.net/movie/11/16/97/11169789_ori.jpg;3.3;5.9;"Thriller
Adventure
Action";Thriller;Adventure;Action;7.1;110;3;PG-13;22-May-96;Paramount Pictures;Mission: Impossible;457696359;1996
http://resizing.flixster.com/l5o6CPeWggfSLIJHA-z_rlqO1ZM=/180x258/dkpu1ddg7pbsk.cloudfront.net/movie/11/15/56/11155631_ori.jpg;3.1;7.1;"Family
Drama
Animation";Family;Drama;Animation;6.9;91;5;G;21-Jun-96;Walt Disney Pictures;The Hunchback of Notre Dame;325338851;1996
http://resizing.flixster.com/KPKB9efvzzdAsBAJqM7dhvkC6xE=/180x266/dkpu1ddg7pbsk.cloudfront.net/movie/25/91/259122_ori.jpg;2.9;5.9;"Sci-Fi
Romance
Comedy";Sci-Fi;Romance;Comedy;5.5;95;8;PG-13;28-Jun-96;Universal Pictures;The Nutty Professor;273961019;1996
http://resizing.flixster.com/DHwVTSAKf5YJpqnYpB7an_ZQNiI=/180x266/dkpu1ddg7pbsk.cloudfront.net/movie/10/87/70/10877064_ori.jpg;3.6;6.6;"Thriller
Adventure
Action";Thriller;Adventure;Action;7.4;136;4;R;7-Jun-96;Hollywood Pictures;The Rock;335062621;1996
http://resizing.flixster.com/7xwAEq5tJYTJNysiwjmnyQM9AfQ=/180x270/dkpu1ddg7pbsk.cloudfront.net/movie/11/18/08/11180828_ori.jpg;3.2;6.0;"Drama
Adventure
Action";Drama;Adventure;Action;6.2;113;2;PG-13;10-May-96;Warner Bros. / Universal Pictures;Twister;494471524;1996
http://resizing.flixster.com/aop-iWekWUu1cQIh2j_8N9Iumqg=/180x270/dkpu1ddg7pbsk.cloudfront.net/movie/11/17/56/11175692_ori.jpg;3.6;8.1;"History
Drama
Adventure";History;Drama;Adventure;7.6;140;3;PG;30-Jun-95;Universal Pictures / Imagine Entertainment;Apollo 13;353471312;1995
http://resizing.flixster.com/1bwQl51pPPU40stzBAVIeCsBrv4=/180x270/dkpu1ddg7pbsk.cloudfront.net/movie/11/16/45/11164555_ori.jpg;2.9;5.2;"Fantasy
Adventure
Action";Fantasy;Adventure;Action;5.4;121;6;PG-13;16-Jun-95;Warner Bros. / PolyGram;Batman Forever;336529144;1995
http://resizing.flixster.com/POltQfwJ3nkqQ69SblWNAiBqjUg=/180x270/dkpu1ddg7pbsk.cloudfront.net/movie/11/18/00/11180091_ori.jpg;3.0;4.8;"Fantasy
Family
Comedy";Fantasy;Family;Comedy;6.0;100;8;PG;26-May-95;Universal Pictures;Casper;287928194;1995
http://resizing.flixster.com/KPcSTks-fiNiJEtn4VaLmadkWTQ=/179x257/dkpu1ddg7pbsk.cloudfront.net/movie/11/16/48/11164823_ori.jpg;3.6;5.7;"Thriller
Adventure
Action";Thriller;Adventure;Action;7.6;131;1;R;19-May-95;20th Century Fox / Cinergi Pictures;Die Hard with a Vengeance;366101766;1995
http://resizing.flixster.com/DBrbUmuKblFWFTTJSZpaqms_Atw=/180x263/dkpu1ddg7pbsk.cloudfront.net/movie/26/66/266699_ori.jpg;3.4;6.9;"Thriller
Adventure
Action";Thriller;Adventure;Action;7.2;130;4;PG-13;17-Nov-95;United Artists;GoldenEye;352194034;1995
http://resizing.flixster.com/ZfAgDI0I7ZvGR4einB6qCg6zixE=/180x268/dkpu1ddg7pbsk.cloudfront.net/movie/56/79/73/5679734_ori.jpg;3.2;5.6;"Fantasy
Family
Adventure";Fantasy;Family;Adventure;6.8;104;10;PG;15-Dec-95;TriStar Pictures;Jumanji;262797249;1995
http://resizing.flixster.com/nabwuKMhFJVBKyOntBtW8TC9rgE=/180x254/dkpu1ddg7pbsk.cloudfront.net/movie/25/15/251508_ori.jpg;3.2;6.0;"Drama
Animation
Adventure";Drama;Animation;Adventure;6.6;81;5;G;23-Jun-95;Walt Disney Pictures;Pocahontas;346079773;1995
http://resizing.flixster.com/Lzf28cq9sH6ej5Be2uCQfIYWtIw=/180x270/dkpu1ddg7pbsk.cloudfront.net/movie/11/16/67/11166782_ori.jpg;4.1;7.6;"Mystery
Drama
Thriller";Mystery;Drama;Thriller;8.7;127;7;R;22-Sep-95;New Line Cinema;Seven;327311859;1995
http://resizing.flixster.com/Rw9DiBAFGZ2nsMie2He5iaDVuY0=/180x256/dkpu1ddg7pbsk.cloudfront.net/movie/10/93/63/10936393_ori.jpg;3.7;9.0;"Comedy
Animation
Adventure";Comedy;Animation;Adventure;8.3;81;2;G;22-Nov-95;Walt Disney Pictures / Pixar;Toy Story;361958736;1995
http://resizing.flixster.com/n8sCbuHQIvYL0ST70ojPiLSJBPE=/180x267/dkpu1ddg7pbsk.cloudfront.net/movie/25/75/257591_ori.jpg;2.6;5.2;"Sci-Fi
Adventure
Action";Sci-Fi;Adventure;Action;6.1;135;9;PG-13;28-Jul-95;Universal Pictures;Waterworld;264218220;1995
http://resizing.flixster.com/zl3hhQbg99652lCvdeVO1WQLX9k=/180x270/dkpu1ddg7pbsk.cloudfront.net/movie/11/16/97/11169778_ori.jpg;3.4;6.9;"Drama
Crime
Action";Drama;Crime;Action;6.9;141;10;PG-13;3-Aug-94;Paramount Pictures;Clear and Present Danger;215887717;1994
http://resizing.flixster.com/9KWUEdV4iTDIO1-rPzvXG_zZ0kY=/180x233/dkpu1ddg7pbsk.cloudfront.net/movie/28/17/281725_ori.jpg;3.2;7.6;"Romance
Drama
Comedy";Romance;Drama;Comedy;7.1;117;8;R;15-Apr-94;Gramercy Pictures / PolyGram;Four Weddings and a Funeral;245700832;1994
http://resizing.flixster.com/ZxlnxSw7y8cjMcIHxxYeQtfCkag=/179x257/dkpu1ddg7pbsk.cloudfront.net/movie/11/16/47/11164772_ori.jpg;3.3;7.9;"Thriller
Crime
Action";Thriller;Crime;Action;7.2;116;5;R;10-Jun-94;20th Century Fox;Speed;350448145;1994
http://resizing.flixster.com/JtWm1oHyUAOKSMsGLWYkLdMW_Jw=/180x270/dkpu1ddg7pbsk.cloudfront.net/movie/11/17/99/11179944_ori.jpg;2.5;3.7;"Fantasy
Family
Comedy";Fantasy;Family;Comedy;4.8;91;6;PG;27-May-94;Universal Pictures / Amblin Entertainment;The Flintstones;341631208;1994
http://resizing.flixster.com/pEnfXxWXRon3WdJte88vc29eNeE=/180x267/dkpu1ddg7pbsk.cloudfront.net/movie/11/16/04/11160477_ori.jpg;4.0;8.2;"Drama
Animation
Adventure";Drama;Animation;Adventure;8.5;89;1;G;24-Jun-94;Walt Disney Pictures;The Lion King;768625889;1994
http://resizing.flixster.com/UkWsxmPaqE95aoxRz35kbVHPiqk=/180x270/dkpu1ddg7pbsk.cloudfront.net/movie/11/17/39/11173943_ori.jpg;3.2;6.4;"Fantasy
Crime
Comedy";Fantasy;Crime;Comedy;6.8;101;4;PG-13;29-Jul-94;New Line Cinema;The Mask;351583407;1994
http://resizing.flixster.com/mimlegW6DpnA7X8fM6uAqRTaC3Y=/180x256/dkpu1ddg7pbsk.cloudfront.net/movie/31/37/313714_ori.jpg;3.2;6.6;"Thriller
Comedy
Action";Thriller;Comedy;Action;7.2;141;3;R;15-Jul-94;20th Century Fox;True Lies;378882411;1994
http://resizing.flixster.com/ZBN2_uTjkpn3PkFGLms8c1R5Xjk=/180x269/dkpu1ddg7pbsk.cloudfront.net/movie/11/15/70/11157076_ori.jpg;2.8;6.2;"Thriller
Adventure
Action";Thriller;Adventure;Action;6.3;112;7;R;28-May-93;TriStar Pictures / Carolco Pictures;Cliffhanger;255000211;1993
http://resizing.flixster.com/2D5M5EDSS4ZjUvDnS_jfTK6SBdQ=/180x270/dkpu1ddg7pbsk.cloudfront.net/movie/11/16/88/11168880_ori.jpg;3.6;8.3;"Thriller
Sci-Fi
Adventure";Thriller;Sci-Fi;Adventure;8.0;127;1;PG-13;11-Jun-93;Universal Pictures / Amblin Entertainment;Jurassic Park;914691118;1993
http://resizing.flixster.com/LBXknnxSaK0p3GtnjDsrj-v18LI=/180x270/dkpu1ddg7pbsk.cloudfront.net/movie/11/19/04/11190433_ori.jpg;3.4;5.8;"Family
Drama
Comedy";Family;Drama;Comedy;6.9;125;2;PG-13;24-Nov-93;20th Century Fox;Mrs. Doubtfire;441286195;1993
http://resizing.flixster.com/8ZSqHlP-hPOabOXMSYWT4oXlrc4=/180x258/dkpu1ddg7pbsk.cloudfront.net/movie/26/71/267112_ori.jpg;4.3;9.0;"History
Drama
Biography";History;Drama;Biography;8.9;195;4;R;4-Feb-94;Universal Pictures / Amblin Entertainment;Schindler's List;321306305;1993
http://resizing.flixster.com/pXQ5x3nrVb2NR-P3FtOM5igMsxE=/96x140/dkpu1ddg7pbsk.cloudfront.net/movie/11/12/06/11120641_ori.jpg;3.3;6.5;"Romance
Drama
Comedy";Romance;Drama;Comedy;6.8;105;8;PG;25-Jun-93;TriStar Pictures;Sleepless in Seattle;227799884;1993
http://resizing.flixster.com/z-Fnu-OBkh-_tjtKCOgt0rVv-qM=/180x270/dkpu1ddg7pbsk.cloudfront.net/movie/11/17/36/11173686_ori.jpg;3.2;6.2;"Thriller
Mystery
Drama";Thriller;Mystery;Drama;6.8;154;5;R;30-Jun-93;Paramount Pictures;The Firm;270248367;1993
http://resizing.flixster.com/2qD77zeD0QLsahPn4oRG72h8jUY=/180x270/dkpu1ddg7pbsk.cloudfront.net/movie/11/16/80/11168091_ori.jpg;3.6;7.9;"Crime
Adventure
Action";Crime;Adventure;Action;7.8;130;3;PG-13;6-Aug-93;Warner Bros.;The Fugitive;368875760;1993
http://resizing.flixster.com/7VvPgOg5CbFIghD_RgRpE2BT9z4=/180x270/dkpu1ddg7pbsk.cloudfront.net/movie/11/16/97/11169704_ori.jpg;3.2;5.5;"Drama
Crime
Action";Drama;Crime;Action;6.5;141;10;PG-13;17-Dec-93;Warner Bros.;The Pelican Brief;195268056;1993
http://resizing.flixster.com/PFEXNhpBUHom6A9yG3wg_W0Zt98=/180x268/dkpu1ddg7pbsk.cloudfront.net/movie/10/93/64/10936428_ori.jpg;3.7;8.1;"Comedy
Animation
Adventure";Comedy;Animation;Adventure;8.0;90;1;G;25-Nov-92;Walt Disney Pictures;Aladdin;504050219;1992
http://resizing.flixster.com/lRQ8GHTcvMv_3ysr2uwWkIrdHZ8=/180x247/dkpu1ddg7pbsk.cloudfront.net/movie/28/33/283309_ori.jpg;3.1;5.9;"Thriller
Mystery
Drama";Thriller;Mystery;Drama;6.9;127;4;R;20-Mar-92;TriStar Pictures / Carolco Pictures;Basic Instinct;352927224;1992
http://resizing.flixster.com/xT4YXaNwgJtK3EDk4He0uUuaUrw=/180x255/dkpu1ddg7pbsk.cloudfront.net/movie/25/40/254003_ori.jpg;3.0;3.6;"Family
Comedy
Adventure";Family;Comedy;Adventure;6.5;120;3;PG;20-Nov-92;20th Century Fox;Home Alone 2: Lost in New York;358994850;1992
http://resizing.flixster.com/X8uBur__gienB-0mAjgC0hfF7CM=/178x270/dkpu1ddg7pbsk.cloudfront.net/movie/11/12/88/11128831_ori.jpg;3.2;5.5;"Thriller
Crime
Action";Thriller;Crime;Action;6.7;118;5;R;15-May-92;Warner Bros.;Lethal Weapon 3;321731527;1992
http://resizing.flixster.com/QGjRr5Lf9dMQdKQhczqt58OqeSA=/180x270/dkpu1ddg7pbsk.cloudfront.net/movie/11/16/79/11167935_ori.jpg;3.0;4.8;"Music
Drama
Action";Music;Drama;Action;6.1;129;2;R;25-Nov-92;Warner Bros.;The Bodyguard;411006740;1992
http://resizing.flixster.com/O7KjuYoKyOa7bBFVEMqnM_ZGN78=/180x267/dkpu1ddg7pbsk.cloudfront.net/movie/11/16/29/11162903_ori.jpg;3.7;8.4;"Fantasy
Family
Animation";Fantasy;Family;Animation;8.0;84;3;G;22-Nov-91;Walt Disney Pictures;Beauty and the Beast;351863363;1991
http://resizing.flixster.com/2Kp3hYPiPnhkEpDQNFEv4IRaD9M=/180x261/dkpu1ddg7pbsk.cloudfront.net/movie/25/46/254606_ori.jpg;3.3;4.4;"Family
Comedy
Adventure";Family;Comedy;Adventure;6.7;142;4;PG;11-Dec-91;TriStar Pictures / Amblin Entertainment;Hook;300854823;1991
http://resizing.flixster.com/3rM4ZIxn0hOIAIKjFqZvy76ICyw=/180x265/dkpu1ddg7pbsk.cloudfront.net/movie/10/93/59/10935981_ori.jpg;3.8;7.7;"Thriller
History
Drama";Thriller;History;Drama;8.0;189;6;R;20-Dec-91;Warner Bros.;JFK;205405498;1991
http://resizing.flixster.com/LWcUdj-bVCtz_yveVI-r0FfP7jE=/180x270/dkpu1ddg7pbsk.cloudfront.net/movie/11/17/00/11170050_ori.jpg;3.4;5.7;"Drama
Adventure
Action";Drama;Adventure;Action;6.9;143;2;PG-13;14-Jun-91;Warner Bros.;Robin Hood: Prince of Thieves;390493908;1991
http://resizing.flixster.com/I9PEVOh_ZpCiMnCfw57AkXDgRhM=/180x270/dkpu1ddg7pbsk.cloudfront.net/movie/11/17/38/11173854_ori.jpg;3.4;6.5;"Romance
Comedy
Adventure";Romance;Comedy;Adventure;7.4;118;6;PG;25-May-90;Universal Pictures;Back to the Future Part III;244527583;1990
http://resizing.flixster.com/6qRBQY1vGGNIYBeEv1_KFsmGJ4w=/180x270/dkpu1ddg7pbsk.cloudfront.net/movie/11/16/81/11168108_ori.jpg;3.6;7.5;"Western
Drama
Adventure";Western;Drama;Adventure;8.0;181;4;PG-13;21-Nov-90;Orion Pictures;Dances with Wolves;424208848;1990
http://resizing.flixster.com/pHPpw4inGi6stbtMnLSic6k5fVA=/180x270/dkpu1ddg7pbsk.cloudfront.net/movie/11/16/91/11169197_ori.jpg;3.5;6.8;"Romance
Fantasy
Drama";Romance;Fantasy;Drama;7.0;127;1;PG-13;13-Jul-90;Paramount Pictures;Ghost;505702588;1990
http://resizing.flixster.com/cb6nTJ0nYUeS38cP0kMfMF_9DlE=/180x270/dkpu1ddg7pbsk.cloudfront.net/movie/11/17/87/11178764_ori.jpg;3.0;5.1;"Crime
Comedy
Action";Crime;Comedy;Action;6.0;111;10;PG-13;21-Dec-90;Universal Pictures;Kindergarten Cop;201957688;1990
http://resizing.flixster.com/3atb8xNBu7Df-gVJpalCXndBg50=/180x270/dkpu1ddg7pbsk.cloudfront.net/movie/11/16/79/11167929_ori.jpg;3.4;7.4;"Mystery
Drama
Crime";Mystery;Drama;Crime;6.9;127;8;R;27-Jul-90;Warner Bros.;Presumed Innocent;221303188;1990
http://resizing.flixster.com/jPSS5WGvx8Z2q_U7TNzxSoHqFUQ=/180x270/dkpu1ddg7pbsk.cloudfront.net/movie/11/17/00/11170087_ori.jpg;3.3;4.8;"Comedy
Adventure
Action";Comedy;Adventure;Action;6.7;93;9;PG;30-Mar-90;New Line Cinema;Teenage Mutant Ninja Turtles;201965915;1990
http://resizing.flixster.com/ROHNoOdZcDbCpiitmK2FRxKCvTc=/180x270/dkpu1ddg7pbsk.cloudfront.net/movie/11/18/99/11189901_ori.jpg;3.3;7.3;"Action
Sci-Fi
Mystery";Action;Sci-Fi;Mystery;7.5;113;5;R;1-Jun-90;TriStar Pictures / Carolco Pictures;Total Recall;261336002;1990
http://resizing.flixster.com/gqemFWJuuNW6pVn4p7JfoGo4VSM=/180x270/dkpu1ddg7pbsk.cloudfront.net/movie/11/17/38/11173853_ori.jpg;3.5;6.1;"Sci-Fi
Comedy
Adventure";Sci-Fi;Comedy;Adventure;7.8;108;3;PG;22-Nov-89;Universal Pictures;Back to the Future Part II;331950002;1989
http://resizing.flixster.com/uORJJKgy_lsdJT2bkQmStA3V2qI=/180x270/dkpu1ddg7pbsk.cloudfront.net/movie/11/17/58/11175872_ori.jpg;3.4;7.4;"War
Drama
Biography";War;Drama;Biography;7.2;145;10;R;5-Jan-90;Universal Pictures;Born on the Fourth of July;161001698;1989
http://resizing.flixster.com/dcW7DWqYbQt25cexo1WNvrzm-O8=/180x270/dkpu1ddg7pbsk.cloudfront.net/movie/11/17/44/11174416_ori.jpg;3.2;5.2;"Horror
Fantasy
Comedy";Horror;Fantasy;Comedy;6.5;108;8;PG;16-Jun-89;Columbia Pictures;Ghostbusters II;215394738;1989
http://resizing.flixster.com/5mEUZK0kuxucMPC5Ycg0MIwPSFI=/180x254/dkpu1ddg7pbsk.cloudfront.net/movie/10/87/98/10879840_ori.jpg;2.9;6.2;"Family
Comedy
Adventure";Family;Comedy;Adventure;6.2;93;7;PG;23-Jun-89;Walt Disney Pictures;Honey, I Shrunk the Kids;222724172;1989
http://resizing.flixster.com/RFQcK-L53KhuubGeaJKOomMbg9k=/180x268/dkpu1ddg7pbsk.cloudfront.net/movie/11/12/88/11128832_ori.jpg;3.3;6.6;"Thriller
Crime
Action";Thriller;Crime;Action;7.2;114;6;R;7-Jul-89;Warner Bros.;Lethal Weapon 2;227853986;1989
http://resizing.flixster.com/i9JPNUh70xuDNhRGYPg4U8L_PHo=/180x258/dkpu1ddg7pbsk.cloudfront.net/movie/25/06/250622_ori.jpg;3.6;8.1;"Fantasy
Family
Animation";Fantasy;Family;Animation;7.6;83;9;G;17-Nov-89;Walt Disney Pictures;The Little Mermaid;184155863;1989
http://resizing.flixster.com/7Kx0TvzMcvpqHNAE-yqb4pGPk7w=/180x255/dkpu1ddg7pbsk.cloudfront.net/movie/25/68/256818_ori.jpg;2.7;3.5;"Comedy
Adventure
Action";Comedy;Adventure;Action;5.5;108;6;PG;25-May-88;Paramount Pictures;"""Crocodile"" Dundee II";109306210;1988
http://resizing.flixster.com/lvE3FiWgRk78wlgoK8AOg0Ao_d8=/179x257/dkpu1ddg7pbsk.cloudfront.net/movie/11/16/44/11164479_ori.jpg;3.5;7.9;"Fantasy
Drama
Comedy";Fantasy;Drama;Comedy;7.3;104;4;PG;3-Jun-88;20th Century Fox / Gracie Films;Big;114968774;1988
http://resizing.flixster.com/mBKethr9jeA6EMJGizVw16i323Q=/180x254/dkpu1ddg7pbsk.cloudfront.net/movie/26/88/268891_ori.jpg;3.0;3.8;"Romance
Drama
Comedy";Romance;Drama;Comedy;5.8;104;9;R;29-Jul-88;Touchstone Pictures;Cocktail;78222753;1988
http://resizing.flixster.com/ER2EiHJ2eXX7acnA6_E4aFhIhBo=/168x268/dkpu1ddg7pbsk.cloudfront.net/movie/11/15/55/11155547_ori.jpg;3.5;8.4;"Crime
Comedy
Animation";Crime;Comedy;Animation;7.7;104;2;PG;22-Jun-88;Touchstone Pictures / Amblin Entertainment;Who Framed Roger Rabbit;156452370;1988
http://resizing.flixster.com/hAbluJoNCoLzqbORzEG8k4IJ7YE=/180x269/dkpu1ddg7pbsk.cloudfront.net/movie/10/84/44/10844413_ori.jpg;3.1;4.9;"Crime
Comedy
Action";Crime;Comedy;Action;6.4;100;3;R;20-May-87;Paramount;Beverly Hills Cop II;153665036;1987
http://resizing.flixster.com/LeKFp61qZoa_i5Q_6x_4nYkg1Ww=/180x256/dkpu1ddg7pbsk.cloudfront.net/movie/26/89/268995_ori.jpg;3.5;7.4;"War
Drama
Comedy";War;Drama;Comedy;7.3;121;4;R;15-Jan-88;Touchstone;Good Morning, Vietnam;123922370;1987
http://resizing.flixster.com/3aDtygNQOYu5zppr1AvV8jIu_H0=/180x270/dkpu1ddg7pbsk.cloudfront.net/movie/11/16/79/11167924_ori.jpg;3.6;7.1;"Thriller
Crime
Action";Thriller;Crime;Action;7.6;110;9;R;6-Mar-87;Warner Bros.;Lethal Weapon;65207127;1987
http://resizing.flixster.com/N7exSCLxOgtB-aPi60FeW5bXS5w=/180x264/dkpu1ddg7pbsk.cloudfront.net/movie/10/85/77/10857754_ori.jpg;3.4;7.8;"Romance
Drama
Comedy";Romance;Drama;Comedy;7.1;102;5;PG;15-Jan-88;Metro-Goldwyn-Mayer;Moonstruck;80640528;1987
http://resizing.flixster.com/1EFQuvj5llA_m61tMCqDVudwUpc=/180x270/dkpu1ddg7pbsk.cloudfront.net/movie/11/17/13/11171335_ori.jpg;3.9;7.4;"Thriller
Drama
Crime";Thriller;Drama;Crime;8.0;119;6;R;3-Jun-87;Paramount;The Untouchables;76270454;1987
http://resizing.flixster.com/kU0L2LKZtLzoi4ZomVbNdWVZ6qk=/180x270/dkpu1ddg7pbsk.cloudfront.net/movie/11/16/13/11161319_ori.jpg;3.2;6.2;"Horror
Fantasy
Comedy";Horror;Fantasy;Comedy;6.5;118;10;R;12-Jun-87;Warner Bros.;The Witches of Eastwick;63766510;1987
http://resizing.flixster.com/fxMTXOi2o24T_ZK0zoraIm9n6cM=/180x259/dkpu1ddg7pbsk.cloudfront.net/movie/25/71/257115_ori.jpg;2.9;5.9;"Family
Drama
Comedy";Family;Drama;Comedy;5.8;102;1;PG;25-Nov-87;Touchstone Pictures;Three Men and a Baby;167780960;1987
http://resizing.flixster.com/djJ50pyIgZZoFYdXO3HcLjlnGzg=/180x270/dkpu1ddg7pbsk.cloudfront.net/movie/11/16/97/11169779_ori.jpg;3.0;6.7;"Adventure
Comedy
Crime";Adventure;Comedy;Crime;6.5;97;2;PG-13;26-Sep-86;Paramount Pictures / 20th Century Fox;"""Crocodile"" Dundee";174803506;1986
http://resizing.flixster.com/xYugVntiVJbVz5x_bQq5-Pjg5aU=/180x270/dkpu1ddg7pbsk.cloudfront.net/movie/11/18/07/11180796_ori.jpg;3.8;9.0;"Sci-Fi
Adventure
Action";Sci-Fi;Adventure;Action;8.4;137;7;R;18-Jul-86;20th Century Fox;Aliens;86160248;1986
http://resizing.flixster.com/w0uF4v8jUe1x3ZErtvyPWfe1Nzc=/180x270/dkpu1ddg7pbsk.cloudfront.net/movie/11/17/66/11176623_ori.jpg;3.3;6.3;"Drama
Comedy
Animation";Drama;Comedy;Animation;6.9;80;8;G;21-Nov-86;Universal Studios;An American Tail;84542002;1986
http://resizing.flixster.com/JQn3vediYVmfbxQO3an5Mh_mA1s=/176x270/dkpu1ddg7pbsk.cloudfront.net/movie/74/28/48/7428484_ori.jpg;3.0;7.0;"Sport
Romance
Comedy";Sport;Romance;Comedy;6.5;96;6;PG-13;13-Jun-86;Orion Pictures;Back to School;91258000;1986
http://resizing.flixster.com/53VKc9-hpRF9QNzuLQzQaspdAug=/180x270/dkpu1ddg7pbsk.cloudfront.net/movie/11/18/07/11180717_ori.jpg;3.5;6.9;"Comedy
Adventure
Action";Comedy;Adventure;Action;7.3;119;5;PG;26-Nov-86;Paramount Pictures;Star Trek IV: The Voyage Home;109713132;1986
http://resizing.flixster.com/7KO5uu2ZPehnVfcsKggTXZjtefM=/180x270/dkpu1ddg7pbsk.cloudfront.net/movie/11/17/36/11173678_ori.jpg;2.9;3.9;"Comedy
Adventure
Action";Comedy;Adventure;Action;5.8;94;9;PG-13;12-Dec-86;Paramount Pictures;The Golden Child;79817937;1986
http://resizing.flixster.com/_ByjiJUAmxiXl6oAHPF8l4gOOVc=/180x270/dkpu1ddg7pbsk.cloudfront.net/movie/11/17/81/11178156_ori.jpg;3.0;4.9;"Romance
Family
Action";Romance;Family;Action;5.8;113;4;PG;20-Jun-86;Columbia Pictures;The Karate Kid, Part II;115103979;1986
http://resizing.flixster.com/TuoFvLZpHzh4RPlzFOHUdo_wJf4=/180x231/dkpu1ddg7pbsk.cloudfront.net/movie/11/16/92/11169265_ori.jpg;3.5;5.8;"Romance
Drama
Action";Romance;Drama;Action;6.8;110;1;PG;16-May-86;Paramount Pictures;Top Gun;176781728;1986
http://resizing.flixster.com/por4iOTnpL-nsH4QNjvWqwBF-DA=/180x270/dkpu1ddg7pbsk.cloudfront.net/movie/11/17/38/11173852_ori.jpg;3.8;8.6;"Romance
Comedy
Adventure";Romance;Comedy;Adventure;8.5;116;1;PG;3-Jul-85;Universal Pictures / Amblin Entertainment;Back to the Future;210609762;1985
http://resizing.flixster.com/QHwc8jY1d-8Sc0qxbRpzlxkbwC8=/180x270/dkpu1ddg7pbsk.cloudfront.net/movie/11/17/17/11171703_ori.jpg;3.7;6.5;"Romance
Drama
Biography";Romance;Drama;Biography;7.2;161;5;PG;20-Dec-85;Universal Pictures;Out Of Africa;87071205;1985
http://resizing.flixster.com/f3qkehG-FJEa88CWySM_d4dKd84=/180x253/dkpu1ddg7pbsk.cloudfront.net/movie/11/13/69/11136978_ori.jpg;3.1;4.1;"Thriller
Adventure
Action";Thriller;Adventure;Action;6.4;96;2;R;22-May-85;TriStar Pictures / Carolco;Rambo: First Blood Part II;150415432;1985
http://resizing.flixster.com/zEGbl7xvlrrxuJUs97YL-sJAEaA=/180x270/dkpu1ddg7pbsk.cloudfront.net/movie/11/16/67/11166730_ori.jpg;3.8;6.1;"Family
Comedy
Adventure";Family;Comedy;Adventure;7.8;114;9;PG;7-Jun-85;Warner Bros.;The Goonies;61389680;1985
http://resizing.flixster.com/AnbVvE9r4Tmx3ZHIxPPbFSJ2EOg=/179x257/dkpu1ddg7pbsk.cloudfront.net/movie/11/16/50/11165073_ori.jpg;3.0;4.8;"Comedy
Adventure
Action";Comedy;Adventure;Action;6.0;106;7;PG;11-Dec-85;20th Century Fox;The Jewel of the Nile;75973200;1985
http://resizing.flixster.com/PPod2vP4QjRVXLfdKUdyV0qo3YA=/180x270/dkpu1ddg7pbsk.cloudfront.net/movie/11/16/89/11168980_ori.jpg;3.5;8.1;"Romance
Drama
Crime";Romance;Drama;Crime;7.5;112;8;R;8-Feb-85;Paramount Pictures;Witness;68706993;1985
http://resizing.flixster.com/-BS99IniaWgjUugv8sMTKuk6tbQ=/180x270/dkpu1ddg7pbsk.cloudfront.net/movie/11/16/89/11168940_ori.jpg;3.3;5.7;"Romance
Music
Drama";Romance;Music;Drama;6.4;107;7;R;17-Feb-84;Paramount Pictures;Footloose;80035402;1984
http://resizing.flixster.com/hlGmbeNA0EUVahBTvVB1rBZvTfo=/180x268/dkpu1ddg7pbsk.cloudfront.net/movie/10/92/11/10921138_ori.jpg;3.8;7.2;"Action
Adventure
Drama";Action;Adventure;Drama;7.6;118;3;PG;23-May-84;Paramount Pictures / Lucasfilm;Indiana Jones and the Temple of Doom;179870271;1984
http://resizing.flixster.com/Z1g_ytpzZwOKimr5eFOqEK7i3MI=/171x270/dkpu1ddg7pbsk.cloudfront.net/movie/24/63/50/2463504_ori.jpg;3.2;7.3;"Comedy
Adventure
Action";Comedy;Adventure;Action;6.9;106;9;PG;30-Mar-84;20th Century Fox;Romancing the Stone;78371200;1984
http://resizing.flixster.com/sFfDyO-ggnJziirIooREwqob2YU=/110x150/dkpu1ddg7pbsk.cloudfront.net/movie/10/88/86/10888604_ori.jpg;3.3;6.4;"Sci-Fi
Adventure
Action";Sci-Fi;Adventure;Action;6.6;105;10;PG;1-Jun-84;Paramount Pictures;Star Trek III: The Search for Spock;76572238;1984
http://resizing.flixster.com/m7hi87x8Vofa79xBQywogTPQIZ4=/180x270/dkpu1ddg7pbsk.cloudfront.net/movie/11/17/81/11178155_ori.jpg;3.3;6.9;"Family
Drama
Action";Family;Drama;Action;7.2;126;5;PG;22-Jun-84;Columbia Pictures;The Karate Kid;90815558;1984
http://resizing.flixster.com/dE3mzn20r1fYcNxLP8mXUIxphbw=/180x270/dkpu1ddg7pbsk.cloudfront.net/movie/11/17/64/11176469_ori.jpg;3.1;4.7;"Romance
Music
Drama";Romance;Music;Drama;6.1;95;3;R;15-Apr-83;Paramount Pictures / PolyGram;Flashdance;92921203;1983
http://resizing.flixster.com/4k65Krz0moljeHEqvjfxOyjh5rs=/180x260/dkpu1ddg7pbsk.cloudfront.net/movie/25/77/257712_ori.jpg;3.0;6.1;"Drama
Comedy
Western";Drama;Comedy;Western;6.4;91;9;PG;19-Aug-83;20th Century Fox;Mr. Mom;64783827;1983
http://resizing.flixster.com/VVpBn48QVIOIuckMl467m_E68qs=/180x264/dkpu1ddg7pbsk.cloudfront.net/movie/11/13/14/11131437_ori.jpg;3.1;5.2;"Thriller
Adventure
Action";Thriller;Adventure;Action;6.6;131;6;PG;10-Jun-83;United Artists;Octopussy;67800000;1983
http://resizing.flixster.com/3-yV3TNHIonKjCnpshrjCWJc4-0=/180x270/dkpu1ddg7pbsk.cloudfront.net/movie/11/16/80/11168031_ori.jpg;3.2;7.5;"Drama
Crime
Comedy";Drama;Crime;Comedy;6.8;99;10;R;5-Aug-83;Warner Bros.;Risky Business;63541777;1983
http://resizing.flixster.com/jPGnLweJ4c_W-vQFMaeHfgWMtfY=/180x263/dkpu1ddg7pbsk.cloudfront.net/movie/10/94/47/10944709_ori.jpg;4.0;6.8;"Fantasy
Adventure
Action";Fantasy;Adventure;Action;8.4;134;1;PG;25-May-83;Lucasfilm / 20th Century Fox;Star Wars Episode VI: Return of the Jedi;252583617;1983
http://resizing.flixster.com/auWzMlFV3B1eDng1bvZjDxEz_8Q=/180x254/dkpu1ddg7pbsk.cloudfront.net/movie/10/84/09/10840968_ori.jpg;2.7;2.7;"Romance
Music
Drama";Romance;Music;Drama;4.4;93;8;PG;15-Jul-83;Paramount Pictures;Staying Alive;64892670;1983
http://resizing.flixster.com/1GsIK1cKROu9oo6ADaFnJZsjawQ=/180x270/dkpu1ddg7pbsk.cloudfront.net/movie/11/16/89/11168922_ori.jpg;3.2;7.3;"Crime
Comedy
Action";Crime;Comedy;Action;6.9;96;7;R;8-Dec-82;Paramount Pictures;48 Hrs.;78868508;1982
http://resizing.flixster.com/fRj1Dsx9DniDck8VkZsabC2g2wE=/180x270/dkpu1ddg7pbsk.cloudfront.net/movie/11/16/68/11166872_ori.jpg;3.1;5.0;"Family
Drama
Comedy";Family;Drama;Comedy;6.5;127;10;PG;18-Jun-82;Columbia Pictures / Rastar;Annie;57059003;1982
http://resizing.flixster.com/7-pyoLHrjzt_5Oz9Va01SLVkwkA=/180x270/dkpu1ddg7pbsk.cloudfront.net/movie/11/16/67/11166788_ori.jpg;3.5;9.1;"Sci-Fi
Family
Western";Sci-Fi;Family;Western;7.9;115;1;PG;11-Jun-82;Universal Pictures;E.T. the Extra-Terrestrial;359197037;1982
http://resizing.flixster.com/ik9Csa1K00izkR8dkc_vY3j8_qs=/180x270/dkpu1ddg7pbsk.cloudfront.net/movie/11/16/97/11169793_ori.jpg;3.8;7.9;"Drama
Adventure
Action";Drama;Adventure;Action;7.7;113;6;PG;4-Jun-82;Paramount Pictures;Star Trek II: The Wrath of Khan;78912963;1982
http://resizing.flixster.com/6huYBKWjCmWanFK7Wh97lbx4d_c=/180x270/dkpu1ddg7pbsk.cloudfront.net/movie/11/16/81/11168143_ori.jpg;3.6;7.7;"Sport
History
Drama";Sport;History;Drama;7.2;119;7;PG;9-Apr-82;Warner Bros. / Ladd;Chariots of Fire;58972904;1981
http://resizing.flixster.com/CBAZfS0ZsBqZrp4EXvkoZwjyWG0=/180x262/dkpu1ddg7pbsk.cloudfront.net/movie/25/84/258424_ori.jpg;3.3;6.3;"Thriller
Adventure
Action";Thriller;Adventure;Action;6.8;127;8;PG;26-Jun-81;United Artists;For Your Eyes Only;54812802;1981
http://resizing.flixster.com/a4SRzDrySrNOffac_PAD9vv5jL0=/175x239/dkpu1ddg7pbsk.cloudfront.net/movie/11/15/98/11159894_ori.jpg;3.2;7.5;"Sci-Fi
Romance
Action";Sci-Fi;Romance;Action;6.8;127;3;PG;19-Jun-81;Warner Bros.;Superman II;108185706;1981
http://resizing.flixster.com/YI8rFD6y2Wpnp_EprQvZ0IskLXQ=/180x260/dkpu1ddg7pbsk.cloudfront.net/movie/26/30/263020_ori.jpg;3.5;7.9;"Fantasy
Comedy
Adventure";Fantasy;Comedy;Adventure;7.0;110;10;PG;6-Nov-81;Embassy Pictures;Time Bandits;42365581;1981
http://resizing.flixster.com/LQCE_QFFl-PVQ7RioIoCY7z1WSo=/180x270/dkpu1ddg7pbsk.cloudfront.net/movie/11/17/87/11178773_ori.jpg;3.6;8.3;"Music
Drama
Biography";Music;Drama;Biography;7.5;124;7;PG;7-Mar-80;Universal Studios;Coal Miner's Daughter;67182787;1980
http://resizing.flixster.com/Dpx80dphWfjC3ikCbPtTdS4fC6A=/180x257/dkpu1ddg7pbsk.cloudfront.net/movie/26/56/265607_ori.jpg;2.8;4.0;"Crime
Comedy
Action";Crime;Comedy;Action;5.1;100;8;PG;15-Aug-80;Universal Studios;Smokey and the Bandit II;66132626;1980
http://resizing.flixster.com/11pJ8EWEJv23jKxSlQHpVqVHKCA=/180x225/dkpu1ddg7pbsk.cloudfront.net/movie/11/15/79/11157937_ori.jpg;4.1;8.7;"Adventure
Action
Fantasy";Adventure;Action;Fantasy;8.8;124;1;PG;20-Jun-80;20th Century Fox;Star Wars Episode V: The Empire Strikes Back;209398025;1980
http://resizing.flixster.com/18EuoLXr1lT3GGEFw8lNIMgTMbw=/180x259/dkpu1ddg7pbsk.cloudfront.net/movie/10/92/42/10924290_ori.jpg;2.9;2.7;"Romance
Drama
Adventure";Romance;Drama;Adventure;5.7;104;9;R;2-Jul-80;Columbia Pictures;The Blue Lagoon;58853106;1980
http://resizing.flixster.com/CzylJmvpoTfiMgXNuYOTAzVfvW4=/180x270/dkpu1ddg7pbsk.cloudfront.net/movie/11/17/19/11171945_ori.jpg;3.7;7.1;"Crime
Comedy
Action";Crime;Comedy;Action;8.0;133;10;R;20-Jun-80;Universal Studios;The Blues Brothers;57229890;1980
http://resizing.flixster.com/sjLwbfOZkuPl395copBayJM2QOk=/180x269/dkpu1ddg7pbsk.cloudfront.net/movie/26/08/260897_ori.jpg;3.0;5.7;"Crime
Adventure
Action";Crime;Adventure;Action;6.2;126;9;PG;29-Jun-79;United Artists Pictures;Moonraker;70308099;1979
http://resizing.flixster.com/EKgpra5WGZ6BP0Ti7H6_ePJmOxw=/180x251/dkpu1ddg7pbsk.cloudfront.net/movie/10/65/79/10657999_ori.jpg;3.4;6.4;"Sport
Drama
Action";Sport;Drama;Action;7.1;119;3;PG;15-Jun-79;United Artists Pictures;Rocky II;85182160;1979
http://resizing.flixster.com/Ec5wAIGS6V2FQr_6LJ-y5Np2ekc=/180x270/dkpu1ddg7pbsk.cloudfront.net/movie/11/17/67/11176743_ori.jpg;3.1;5.7;"Sci-Fi
Mystery
Adventure";Sci-Fi;Mystery;Adventure;6.4;132;5;PG;7-Dec-79;Paramount Pictures;Star Trek: The Motion Picture;82258456;1979
http://resizing.flixster.com/AdxOYDAVFHLPOcbBrcKGwu86-PA=/180x261/dkpu1ddg7pbsk.cloudfront.net/movie/10/88/15/10881570_ori.jpg;3.5;7.8;"Family
Comedy
Adventure";Family;Comedy;Adventure;7.7;95;10;G;22-Jun-79;Associated Film Distribution;The Muppet Movie;65200000;1979
http://resizing.flixster.com/oonEvRYUs0dr8HsLOPozi8f46Go=/180x254/dkpu1ddg7pbsk.cloudfront.net/movie/10/86/72/10867228_ori.jpg;3.3;7.1;"Sport
Romance
Comedy";Sport;Romance;Comedy;6.9;101;5;PG;28-Jun-78;Paramount Pictures;Heaven Can Wait;81640278;1978
http://resizing.flixster.com/28sq3VTgeDaa2dIaKhxnbQVMlww=/180x252/dkpu1ddg7pbsk.cloudfront.net/movie/10/87/22/10872256_ori.jpg;3.3;6.6;"Mystery
Comedy
Crime";Mystery;Comedy;Crime;6.7;99;9;PG;19-Jul-78;United Artists;Revenge of the Pink Panther;49579269;1978
http://resizing.flixster.com/eYWvvRaDse_pegmhryJzvlpC5bQ=/175x239/dkpu1ddg7pbsk.cloudfront.net/movie/11/15/98/11159893_ori.jpg;3.5;8.0;"Sci-Fi
Drama
Action";Sci-Fi;Drama;Action;7.3;143;2;PG;15-Dec-78;Warner Bros.;Superman;134218018;1978
http://resizing.flixster.com/qVLiZ_u6SZJX8kpe0hB0gseLv0c=/180x265/dkpu1ddg7pbsk.cloudfront.net/movie/25/70/257012_ori.jpg;3.7;6.8;"War
History
Drama";War;History;Drama;7.4;175;7;PG;15-Jun-77;United Artists;A Bridge Too Far;50750000;1977
http://resizing.flixster.com/BiKNZwUZN2B95PUamCtHPX3m47E=/180x270/dkpu1ddg7pbsk.cloudfront.net/movie/10/85/12/10851294_ori.jpg;3.9;8.9;"Romance
Drama
Comedy";Romance;Drama;Comedy;8.1;93;10;PG;20-Apr-77;United Artists;Annie Hall;38251425;1977
http://resizing.flixster.com/io0O9e7AFWIzwIFZ7oV_W1kXfg4=/179x270/dkpu1ddg7pbsk.cloudfront.net/movie/10/86/34/10863417_ori.jpg;3.2;7.5;"Romance
Music
Drama";Romance;Music;Drama;6.8;118;5;R;16-Dec-77;Paramount Pictures;Saturday Night Fever;94213184;1977
http://resizing.flixster.com/Ier70vgQRj-3kW5xNbk72TtMbxw=/180x270/dkpu1ddg7pbsk.cloudfront.net/movie/11/17/19/11171952_ori.jpg;3.4;6.3;"Romance
Comedy
Action";Romance;Comedy;Action;6.8;96;2;PG;27-May-77;Universal Pictures;Smokey and the Bandit;126737428;1977
http://resizing.flixster.com/ulZifXTDSm1uxoWIxQ9uVnSgtVk=/180x270/dkpu1ddg7pbsk.cloudfront.net/movie/10/94/47/10944715_ori.jpg;4.1;8.3;"Fantasy
Adventure
Action";Fantasy;Adventure;Action;8.7;121;1;PG;25-May-77;Lucasfilm / 20th Century Fox;Star Wars;307263857;1977
http://resizing.flixster.com/KRnyu4v7ZUDfmkfykddClwWpFac=/180x259/dkpu1ddg7pbsk.cloudfront.net/movie/25/82/258213_ori.jpg;2.9;4.7;"Thriller
Mystery
Adventure";Thriller;Mystery;Adventure;6.1;123;8;PG;17-Jun-77;Columbia Pictures;The Deep;47346365;1977
http://resizing.flixster.com/i5oKMp_Znx3rPv8mfLRNAh65joA=/180x252/dkpu1ddg7pbsk.cloudfront.net/movie/25/58/255805_ori.jpg;3.8;6.5;"Romance
Drama
Comedy";Romance;Drama;Comedy;7.4;111;4;PG;1-Feb-78;Metro-Goldwyn-Mayer / Warner Bros. / Rastar;The Goodbye Girl;102000000;1977
http://resizing.flixster.com/KgYbppNJw1toKJQS3s5W0X3Jw40=/180x270/dkpu1ddg7pbsk.cloudfront.net/movie/10/88/65/10886552_ori.jpg;3.4;6.8;"Thriller
Adventure
Action";Thriller;Adventure;Action;7.1;125;9;PG;3-Aug-77;United Artists;The Spy Who Loved Me;46838673;1977
http://resizing.flixster.com/KxL-8EASc3Y-CarCsHi8tB8IlSs=/174x270/dkpu1ddg7pbsk.cloudfront.net/movie/39/09/89/3909896_ori.jpg;3.5;5.3;"Romance
Music
Drama";Romance;Music;Drama;6.5;139;3;R;17-Dec-76;Warner Bros. Pictures;A Star Is Born;80000000;1976
http://resizing.flixster.com/FsOcGM5YUSUTGFjr1eTEz7au_3A=/180x256/dkpu1ddg7pbsk.cloudfront.net/movie/10/93/36/10933607_ori.jpg;2.8;4.7;"Horror
Fantasy
Adventure";Horror;Fantasy;Adventure;5.8;134;7;PG;17-Dec-76;Paramount Pictures;King Kong;52614445;1976
http://resizing.flixster.com/7PKqPlaHLc9p9bSbI6_cnj8cLaA=/100x137/dkpu1ddg7pbsk.cloudfront.net/movie/10/84/95/10849574_ori.jpg;3.6;5.9;"History
Drama
Action";History;Drama;Action;6.7;132;10;PG;18-Jun-76;Universal Studios / Cinema International Corporation;Midway;43220000;1976
http://resizing.flixster.com/5wb745LD70y5VSZoZJow6R11ePY=/179x257/dkpu1ddg7pbsk.cloudfront.net/movie/11/16/47/11164765_ori.jpg;3.4;6.5;"Crime
Comedy
Action";Crime;Comedy;Action;6.9;114;8;PG;3-Dec-76;20th Century-Fox Film Corporation;Silver Streak;51079064;1976
http://resizing.flixster.com/ua3FRdHJgqH5Oh3mmxDrPA33HeA=/180x256/dkpu1ddg7pbsk.cloudfront.net/movie/27/65/276594_ori.jpg;3.4;6.3;"Thriller
Crime
Action";Thriller;Crime;Action;6.8;96;9;R;22-Dec-76;Warner Bros. Pictures;The Enforcer;46236000;1976
http://resizing.flixster.com/wEkCkxtzp2FgvifjB9nHs3C_oPE=/180x254/dkpu1ddg7pbsk.cloudfront.net/movie/10/93/48/10934824_ori.jpg;3.5;7.1;"Mystery
Horror
Drama";Mystery;Horror;Drama;7.6;111;5;R;25-Jun-76;20th Century Fox Film Corporation;The Omen;60922980;1976
http://resizing.flixster.com/OX-CmI8fMaWHQqEIswF9kx2QVEA=/180x261/dkpu1ddg7pbsk.cloudfront.net/movie/10/88/03/10880352_ori.jpg;3.2;4.6;"Musical
Drama
Comedy";Musical;Drama;Comedy;6.4;136;7;PG;15-Mar-75;Columbia Pictures;Funny Lady;39000000;1975
http://resizing.flixster.com/XFNfAAKeokqanZJOBMWXcb0SnUQ=/180x259/dkpu1ddg7pbsk.cloudfront.net/movie/25/12/251202_ori.jpg;3.2;6.2;"Western
Family
Comedy";Western;Family;Comedy;6.2;100;8;G;1-Jul-75;Walt Disney Productions;The Apple Dumpling Gang;36853000;1975
http://resizing.flixster.com/V6M1TKucdKIV1pTF3OKSOiakRsA=/110x150/dkpu1ddg7pbsk.cloudfront.net/movie/10/88/23/10882353_ori.jpg;3.6;0.0;"Drama
Western
War";Drama;Western;War;6.4;103;10;PG;20-Dec-75;Universal Pictures;The Other Side of the Mountain;34673100;1975
http://resizing.flixster.com/coMRFsl2YBbDwXYVs9z3FTDsPzc=/180x268/dkpu1ddg7pbsk.cloudfront.net/movie/10/87/22/10872257_ori.jpg;3.4;6.7;"Mystery
Crime
Comedy";Mystery;Crime;Comedy;7.1;113;6;G;21-May-75;United Artists;The Return of the Pink Panther;41833347;1975
http://resizing.flixster.com/cyLfP1xi9FRaJZSBoQ-XLFojhiM=/180x268/dkpu1ddg7pbsk.cloudfront.net/movie/10/89/48/10894808_ori.jpg;3.2;6.8;"Thriller
Sci-Fi
Drama";Thriller;Sci-Fi;Drama;6.7;106;7;PG-13;2-Aug-02;Touchstone;Signs;408247917;2002
